Company,Index Weight
microsoft corp,0.0414801270061904
apple inc,0.03602359492629518
nvidia corp,0.031367234326117606
amazon com inc,0.024152514885064418
alphabet inc class a,0.014721759639633078
meta platforms inc class a,0.014227602108852587
alphabet inc class c,0.01302093634460637
broadcom inc,0.008643117314928643
eli lilly,0.008565082047904847
taiwan semiconductor manufacturing,0.008532667653751724
jpmorgan chase & co,0.008083913962743399
berkshire hathaway inc class b,0.007538098348811311
tesla inc,0.006959922145759859
unitedhealth group inc,0.006630153071443939
visa inc class a,0.006319725191453448
novo nordisk class b,0.005955125967054405
mastercard inc class a,0.005577605499433681
procter & gamble,0.005497743522933779
asml holding nv,0.005325082874087381
johnson & johnson,0.0050801408880987815
home depot inc,0.004833411841623679
merck & co inc,0.004791760139885702
costco wholesale corp,0.004666500122438136
tencent holdings ltd,0.004226814768365116
abbvie inc,0.00407241674680242
nestle sa,0.0038858628772651836
bank of america corp,0.0038834472869866696
salesforce inc,0.003855410489972038
walmart inc,0.0038481423531626013
samsung electronics ltd,0.0038241200247813847
advanced micro devices inc,0.0036781547190468883
coca-cola,0.0036663676271203424
netflix inc,0.003555491472677863
pepsico inc,0.0034900687869878315
shell plc,0.00345975725662869
toyota motor corp,0.003411788163529282
lvmh,0.0033411772641382563
astrazeneca plc,0.003290721009093581
thermo fisher scientific inc,0.0031982725904506635
wells fargo,0.0031732619801995354
adobe inc,0.003128347493318643
linde plc,0.0031048502934366753
walt disney,0.0029728905671364283
novartis ag,0.0028819046322790926
mcdonalds corp,0.002879047370150835
cisco systems inc,0.0028137183828712328
accenture plc class a,0.0028098570774410647
sap,0.002783496948514001
oracle corp,0.0027834773515343554
abbott laboratories,0.002684779981156654
qualcomm inc,0.0026699836674282168
intuit inc,0.002577528652379575
ge aerospace,0.0025476471481617933
caterpillar inc,0.002506519471602375
danaher corp,0.002475771204171666
roche holding par ag,0.002460775058513082
totalenergies,0.0024336335546007114
applied material inc,0.002429917576649551
verizon communications inc,0.002401099414875012
hsbc holdings plc,0.0023340376455786983
texas instrument inc,0.002320354539480533
comcast corp class a,0.0022695971688933493
alibaba group holding ltd,0.0022209817364222556
international business machines co,0.002206972415514042
servicenow inc,0.0021384449997158385
union pacific corp,0.002132462617008701
american express,0.002105454172140077
rtx corp,0.0020946204863106907
amgen inc,0.0020794494331351538
siemens n ag,0.0020750480496705198
pfizer inc,0.002074080215533558
bhp group ltd,0.0020470899115475794
goldman sachs group inc,0.0020104890769565096
royal bank of canada,0.0019559440923313898
nextera energy inc,0.0019474438980641704
s&p global inc,0.0019425577365523511
intel corporation corp,0.0019403066310402796
intuitive surgical inc,0.0019115255578151136
lowes companies inc,0.0018940421029654978
uber technologies inc,0.0018781539220171831
eaton plc,0.0018594976321606143
unilever plc,0.001851256573055034
honeywell international inc,0.0018364495144759774
micron technology inc,0.001820332498272148
elevance health inc,0.0018037852780049938
booking holdings inc,0.0017970048754059648
commonwealth bank of australia,0.0017702581680633521
progressive corp,0.0017568737745386285
lam research corp,0.0017511000124931825
schneider electric,0.0017500843449562277
at&t inc,0.0017053674363272596
morgan stanley,0.001703081972447691
citigroup inc,0.0017006058641601313
stryker corp,0.0016544967969360403
nike inc class b,0.0016468978674048485
blackrock inc,0.0016322084939802103
allianz,0.0016137946954012368
charles schwab corp,0.0016136552904740733
sanofi sa,0.0015852113548315394
loreal sa,0.0015814836524364125
mitsubishi ufj financial group inc,0.0015794462557452147
tjx inc,0.0015748669472480036
united parcel service inc class b,0.001540427033206113
deere,0.0015379945055745674
toronto dominion,0.0015267255029817145
medtronic plc,0.0015233470900349183
boston scientific corp,0.001523170722330805
tokyo electron ltd,0.001509784170224081
reliance industries ltd,0.0015094681163942962
sony group corp,0.0014984494919302786
cigna,0.0014907795970985698
vertex pharmaceuticals inc,0.0014790780723441476
lockheed martin corp,0.0014769014987522124
lair liquide societe anonyme pour,0.0014537552847124827
automatic data processing inc,0.001424941199805037
starbucks corp,0.0014249437980792495
chubb ltd,0.001421111862043779
analog devices inc,0.0014206254346395282
airbus group,0.0013970637963300456
marsh & mclennan inc,0.001395976729935602
prologis reit inc,0.0013844708007279885
boeing,0.0013811794529744578
kla corp,0.0013737712772630402
fiserv inc,0.0013620115301019359
mondelez international inc class a,0.0013597214361611182
regeneron pharmaceuticals inc,0.00134937477285428
ubs group ag,0.0013367780603192193
palo alto networks inc,0.0013251352375427525
bristol myers squibb,0.0013242459068713974
keyence corp,0.0012870540840229238
csl ltd,0.0012737758577617375
chipotle mexican grill inc,0.0012537827655370278
cvs health corp,0.001246653960031873
blackstone inc,0.0012462275015326725
shopify subordinate voting inc cla,0.0012408715933120871
synopsys inc,0.0012404959826608835
canadian natural resources ltd,0.0012312815145301059
waste management inc,0.0012254329291406152
t mobile us inc,0.0012178656830122063
glaxosmithkline,0.0011987916651032002
banco santander sa,0.0011945060352148706
gilead sciences inc,0.001177866179978916
rio tinto plc,0.0011614786180892697
american tower reit corp,0.0011574391238111969
relx plc,0.0011563836457233133
hitachi ltd,0.0011555304199178241
southern,0.001148534322725186
aia group ltd,0.001136048942303347
hermes international,0.00113363503308064
abb ltd,0.0011206340266240367
marathon petroleum corp,0.0011135080576449208
cadence design systems inc,0.0011073299750918913
compagnie financiere richemont sa,0.001096566709549187
intercontinental exchange inc,0.0010939647889590624
pdd holdings ads inc,0.0010932158479209184
diageo plc,0.0010918167718425027
cme group inc class a,0.00108937788094436
safran sa,0.0010871319382368921
duke energy corp,0.0010867125321962685
iberdrola sa,0.0010854783018409248
enbridge inc,0.0010845239100151774
target corp,0.0010839607235986082
icici bank ltd,0.0010768224974321708
illinois tool inc,0.0010767345937560818
mitsubishi corp,0.0010745089607386601
bnp paribas sa,0.0010726382718159262
meituan,0.001070376479738017
canadian pacific kansas city ltd,0.0010693248126568194
mckesson corp,0.0010679535782982994
sherwin williams,0.0010651257019253801
deutsche telekom n ag,0.0010650498908076683
zoetis inc class a,0.0010500123087595098
sumitomo mitsui financial group in,0.0010453860442016507
airbnb inc class a,0.0010322950399069804
freeport mcmoran inc,0.0010311608538454838
sk hynix inc,0.0010277617477561312
banco bilbao vizcaya argentaria sa,0.0010240828246105237
amphenol corp class a,0.0010153171223031916
schlumberger nv,0.001010269121642746
northrop grumman corp,0.0010092925532756228
arista networks inc,0.0010092077538265522
transdigm group inc,0.001006271399045123
parker-hannifin corp,0.0010041868735862663
colgate-palmolive,0.0010028012127217543
crowdstrike holdings inc class a,0.0009983999940905727
canadian national railway,0.0009979175578645608
zurich insurance group ag,0.0009963812270561538
equinix reit inc,0.0009901192616589352
trane technologies plc,0.0009846076659927887
national australia bank ltd,0.0009776892453376366
phillips,0.0009776916258108228
csx corp,0.0009774867634950058
paypal holdings inc,0.0009713836674834091
shin etsu chemical ltd,0.0009637718726603409
becton dickinson,0.0009558464375087173
axa sa,0.0009513216771251041
bank of montreal,0.0009482303152962487
general dynamics corp,0.0009362750850677386
cintas corp,0.0009290496671175802
mercadolibre inc,0.0009205549275901429
us bancorp,0.0009195113835669317
mercedes-benz group n ag,0.0009192620801276667
fedex corp,0.0009148099470811326
oreilly automotive inc,0.0009083571250988673
mitsui ltd,0.0009067752577198795
pioneer natural resource,0.0009029279251969461
vinci sa,0.0008936564894183555
hca healthcare inc,0.0008933642542269783
pnc financial services group inc,0.000890478727251761
recruit holdings ltd,0.0008864339857072782
moodys corp,0.0008861038158146543
nxp semiconductors nv,0.0008855103440120293
emerson electric,0.0008854090969043468
general motors,0.000879107455931483
marriott international inc class a,0.0008782031626363992
constellation energy corp,0.0008780645162294287
essilorluxottica sa,0.0008779727534872723
british american tobacco,0.0008693733380709289
marvell technology inc,0.0008670981415157864
hon hai precision industry ltd,0.0008656854086995122
muenchener rueckversicherungs-gese,0.000862776551553259
glencore plc,0.0008543455543080855
china construction bank corp h,0.0008524472319568597
daiichi sankyo ltd,0.0008496438969536401
paccar inc,0.0008487964655757304
valero energy corp,0.0008482463143971901
unicredit,0.000844444038669056
intesa sanpaolo,0.0008410596152319724
crh public limited plc,0.0008349027730849224
motorola solutions inc,0.0008334862815137578
westpac banking corporation corp,0.000820764604259562
aon plc class a,0.0008195647180584093
infosys ltd,0.0008140731685737432
ing groep nv,0.0008135867026197332
ecolab inc,0.0008129293492648925
constellation software inc,0.0008067418368477203
bank of nova scotia,0.000804780176424304
brookfield corp class a,0.0008007191116643305
hilton worldwide holdings inc,0.0008000698331035869
roper technologies inc,0.00079787252792159
capital one financial corp,0.0007924210192638675
norfolk southern corp,0.0007876135859719534
kkr and co inc,0.0007856803195423023
tokio marine holdings inc,0.0007841480821661371
autozone inc,0.0007735442241718717
ferrari nv,0.000771438094385039
arthur j gallagher,0.0007566190023504192
bae systems plc,0.0007558169538553237
edwards lifesciences corp,0.0007536390670152298
anz group holdings ltd,0.0007529762675099436
anheuser-busch inbev sa,0.0007517617746312461
hdfc bank ltd,0.0007491594994242396
workday inc class a,0.0007464179040586379
stellantis nv,0.0007445536472194453
american international group inc,0.0007441700002216496
air products and chemicals inc,0.0007410465169338633
welltower inc,0.0007362765136174381
prosus nv,0.0007357167346110057
suncor energy inc,0.0007355154950522555
honda motor ltd,0.0007336474874339844
industria de diseno textil inditex,0.0007258683226455296
enel,0.000723854777007258
3m,0.0007224879847671298
itochu corp,0.0007205667812421947
truist financial corp,0.0007201778936244991
softbank group corp,0.0007191448628465907
microchip technology inc,0.0007162896995839953
ford motor co,0.0007145860375644686
atlas copco class a,0.0007145188057621037
dbs group holdings ltd,0.0007074722821102149
carrier global corp,0.0007064731797217217
fast retailing ltd,0.00070387825248736
nintendo ltd,0.0007018724134265211
mediatek inc,0.0007011847221270673
newmont,0.0006968776473247524
dexcom inc,0.0006884677676785011
wesfarmers ltd,0.0006884741009846756
basf n,0.0006883688639258018
national grid plc,0.0006835844957625484
copart inc,0.0006811812207516298
united rentals inc,0.0006786901084274701
williams inc,0.0006774992485961651
travelers companies inc,0.000676692696937038
aflac inc,0.000674112334353826
london stock exchange group plc,0.0006719381146490363
compass group plc,0.0006699788904272381
oneok inc,0.0006697767096203918
autodesk inc,0.000668695740223122
metlife inc,0.0006585648813306915
alimentation couche tard inc,0.0006573915845446617
iqvia holdings inc,0.0006557964324278777
simon property group reit inc,0.0006547717934314752
infineon technologies ag,0.0006530367885149953
canadian imperial bank of commerce,0.0006507467513251492
kimberly clark corp,0.0006497692262695751
ross stores inc,0.0006493056324909224
d r horton inc,0.0006457377182336331
rolls-royce holdings plc,0.0006457182315860562
bank of new york mellon corp,0.0006429597548003623
occidental petroleum corp,0.000641563238753162
lloyds banking group plc,0.0006376831604083564
hess corp,0.000637548571031203
snowflake class a,0.0006355601288528847
investor class b,0.0006353619987361072
apollo global management inc,0.0006346749977534266
allstate corp,0.000633831522173871
sempra,0.0006337001389709769
macquarie group ltd def,0.0006335026064265921
mizuho financial group inc,0.0006306718535463188
realty income reit corp,0.0006304888435244345
ferguson plc,0.0006297177640856575
american electric power inc,0.0006285217039225296
te connectivity ltd,0.0006266905980355685
holcim ltd ag,0.0006252783853854069
johnson controls international plc,0.0006244831402581369
super micro computer inc,0.0006240481361874105
manulife financial corp,0.0006237898298967185
lonza group ag,0.0006203023473087679
sika ag,0.0006197579916826012
lululemon athletica inc,0.0006176556998975114
digital realty trust reit inc,0.0006168693576172533
nucor corp,0.000616464252719214
hong kong exchanges and clearing l,0.000615310120480652
republic services inc,0.000615000987406288
constellation brands inc class a,0.0006143304472729862
ww grainger inc,0.0006132297465343107
ameriprise finance inc,0.0006083169282219809
waste connections inc,0.0006075595142126527
palantir technologies inc class a,0.0006058214054781704
fortinet inc,0.0006052197464020453
dominion energy inc,0.0006011867347209912
takeda pharmaceutical ltd,0.0005992566391879684
block inc class a,0.0005982291132543035
prudential financial inc,0.00059747329900885
al rajhi bank,0.0005962856276618617
tata consultancy services ltd,0.0005960088567523513
ge vernova inc,0.000595440174489891
coinbase global inc class a,0.0005937976283585647
hoya corp,0.000593254598046529
kddi corp,0.0005920866120266451
agilent technologies inc,0.0005907630282379605
crown castle inc,0.0005903961454771699
jpy cash,0.0005882222552347774
fidelity national information serv,0.0005880496703152456
l3harris technologies inc,0.0005864429259689207
deutsche post ag,0.0005863455081713909
cummins inc,0.0005860893267188782
cencora inc,0.0005853649601807306
givaudan sa,0.0005843282332273815
idexx laboratories inc,0.0005839170488176025
cia vale do rio doce sh,0.0005811691837478163
monster beverage corp,0.0005806934854470683
volvo class b,0.000580421636022715
public storage reit,0.0005793190936894482
petroleo brasileiro pref sa,0.000578779493999208
fastenal,0.0005780276075345119
samsung electronics non voting pre,0.000577055076257675
msci inc,0.0005758795879638562
general mills inc,0.0005755830630125515
yum brands inc,0.0005748319197299482
centene corp,0.0005724247590669213
danone sa,0.0005715469851429681
dow inc,0.0005687645743763514
kinder morgan inc,0.0005686808959379143
alcon ag,0.000567643595339609
barclays plc,0.0005674827392609658
wolters kluwer nv,0.0005670325081376593
ametek inc,0.0005666931531769756
adidas n ag,0.0005590755200593607
kroger,0.0005538123657289812
experian plc,0.0005534390426020752
bharti airtel ltd,0.0005533378574603183
oversea-chinese banking ltd,0.0005517244604685682
sysco corp,0.0005513219836006559
paychex inc,0.0005496882218039524
3i group plc,0.000549124710219654
humana inc,0.0005491459337537233
old dominion freight line inc,0.0005490027391909602
naspers limited n ltd,0.0005484270371912042
corteva inc,0.0005483485681851962
eni,0.0005482108289757391
anglo american plc,0.0005468385086797088
quanta services inc,0.0005435105329288339
daikin industries ltd,0.0005428328997421161
reckitt benckiser group plc,0.0005413217651380428
cheniere energy inc,0.0005403791678002538
trade desk inc class a,0.0005402175491112575
nordea bank,0.0005378469345401187
netease inc,0.0005356780010605142
compagnie de saint gobain sa,0.0005343920253737914
tc energy corp,0.0005334399089041153
keurig dr pepper inc,0.0005297876726216949
lennar a corp,0.0005293367074169018
costar group inc,0.0005281121690027105
otis worldwide corp,0.0005278453076308704
arch capital group ltd,0.0005272983990290145
capgemini,0.0005257716556581683
axis bank ltd,0.0005241926643775186
ashtead group plc,0.0005224975671532704
eur cash,0.0005225187571480267
datadog inc class a,0.0005219462123428627
ingersoll rand inc,0.0005209797709054194
exelon corp,0.0005190487636757073
martin marietta materials inc,0.0005183993042276326
deutsche boerse ag,0.0005176696872532009
diamondback energy inc,0.0005120564677756252
woodside energy group ltd,0.0005108573430600319
chf cash,0.000509822313625384
ge healthcare technologies inc,0.0005073679608994702
bmw ag,0.0005064423912049977
asm international nv,0.0005059562496006846
vertiv holdings class a,0.0005026591752139784
moderna inc,0.000501231027606775
gartner inc,0.0004977635564339439
deutsche bank ag,0.0004958789234396036
royal caribbean group ltd,0.0004936959779917348
cdw corp,0.0004900472933998494
doordash inc class a,0.0004892990205916139
estee lauder inc class a,0.0004889367166628168
vulcan materials,0.000488716248341085
cognizant technology solutions cor,0.00048812140797088586
halliburton,0.0004868766783790381
jd.com class a inc,0.0004861430744187812
goodman group units,0.00048581449161053553
xiaomi corp,0.0004857383428501062
bank central asia,0.0004841073247328071
devon energy corp,0.0004836157893320979
bank of china ltd h,0.00048214793547304824
public service enterprise group in,0.00048031975578888665
dupont de nemours inc,0.0004759174650244852
pg&e corp,0.00047592300616889954
global payments inc,0.0004724390275188645
discover financial services,0.00047207172756174226
softbank corp,0.0004720496851776182
denso corp,0.00047164854282669713
electronic arts inc,0.0004704018533323767
oriental land ltd,0.00046746608017171566
verisk analytics inc,0.00046552299756229905
monolithic power systems inc,0.00046413961532598664
archer daniels midland,0.0004580168557673882
baker hughes class a,0.0004578563792556036
pernod ricard sa,0.00045687203661889773
dollar general corp,0.00045411032001737753
kraft heinz,0.00045177101255429084
consolidated edison inc,0.0004515175036123966
resmed inc,0.00044981902546179815
kenvue inc,0.0004492998905809261
swiss re ag,0.0004486518577806991
flutter entertainment plc,0.00044757132142913143
rockwell automation inc,0.0004464342008822614
veeva systems inc class a,0.0004462038952141855
the saudi national bank,0.0004446545005366283
xylem inc,0.0004431230205558622
intact financial corp,0.0004427277887930678
agnico eagle mines ltd,0.00044238497601102367
on semiconductor corp,0.0004408241665146205
dell technologies inc class c,0.0004387907318592709
smc (japan) corp,0.00043815772630730255
engie sa,0.0004375523993800953
hartford financial services group,0.0004366261092039186
biogen inc,0.0004364872522559563
ansys inc,0.00043355867123283956
barrick gold corp,0.0004324914628725112
murata manufacturing ltd,0.00043247783159589947
ppg industries inc,0.00043207801629742735
sun life financial inc,0.0004316636717276905
itau unibanco holding pref sa,0.0004307603487208396
nippon telegraph and telephone cor,0.00043050978878438756
mitsubishi electric corp,0.00043007195350483024
e.on n,0.0004292679468455802
tractor supply,0.00042709093969667283
partners group holding ag,0.0004268485900408715
hyundai motor,0.0004231527930419676
cenovus energy inc,0.00042219618312239025
industrial and commercial bank of,0.0004220039806701578
xcel energy inc,0.000420135875603822
hubspot inc,0.00041763954198576885
mettler toledo inc,0.00041760424666484363
haleon plc,0.00041698759725415494
volkswagen non-voting pref ag,0.00041696829272095716
legrand sa,0.0004166394487559882
koninklijke ahold delhaize nv,0.0004152752322941917
national bank of canada,0.0004138796141393904
rio tinto ltd,0.0004138004725065517
fair isaac corp,0.0004135649477941704
blk csh fnd treasury sl agency,0.0004125872185373527
willis towers watson plc,0.00041144162031561454
larsen and toubro ltd,0.0004082155417011181
ping an insurance (group) co of ch,0.00040780897375280594
vici pptys inc,0.00040735721863584083
bayer ag,0.00040725243906137594
adyen nv,0.00040514369729829436
equifax inc,0.0004049954578297927
westinghouse air brake technologie,0.0004044544563394274
seven & i holdings ltd,0.00040314304588978206
amadeus it group sa,0.00040303667698135076
disco corp,0.0004028764320748827
byd ltd h,0.0004022070943464002
heineken nv,0.0004021367730415932
vistra corp,0.0004019673146404524
baidu class a inc,0.00039990767064810857
atlassian corp class a,0.0003993906903613305
dsv,0.0003992689771149778
fujitsu ltd,0.0003989651610442541
michelin,0.00039796524246431026
ebay inc,0.00039688689884757964
united overseas bank ltd,0.00039678676252513005
hershey foods,0.00039607108246452453
mongodb inc class a,0.0003934093451233056
mitsubishi heavy industries ltd,0.00039288142815739884
gpo finance banorte,0.00039263337559135054
stmicroelectronics nv,0.0003923246988766014
fanuc corp,0.0003920607619692426
trip.com group ltd,0.00039171772105851815
assa abloy b,0.00039154645644267103
extra space storage reit inc,0.0003912107817058038
dassault systemes,0.0003891338500382144
lyondellbasell industries nv class,0.0003851486723706769
fortescue ltd,0.00038425474783598985
hp inc,0.0003818950546058793
advantest corp,0.00038140053430857286
gbp cash,0.0003809530786656657
canon inc,0.00038088268332896056
cbre group inc class a,0.0003808725900408474
howmet aerospace inc,0.00038007220440034617
publicis groupe sa,0.00037985907096274666
west pharmaceutical services inc,0.0003798946057625466
church and dwight inc,0.00037912560985133183
kering sa,0.00037845039578981364
raymond james inc,0.00037788853448286725
pultegroup inc,0.00037703121463161196
dollar tree inc,0.000375548847350668
fortive corp,0.000375266342956964
keysight technologies inc,0.0003746795329003706
dover corp,0.000374570603653962
vestas wind systems,0.000374382436042428
cardinal health inc,0.00037423226560933656
sumitomo corp,0.0003736824888849548
cloudflare inc class a,0.0003720281757719968
dollarama inc,0.00037061150832394714
avalonbay communities reit inc,0.0003693346219955375
nvr inc,0.0003651178674381607
tesco plc,0.0003649943029853405
thomson reuters corp,0.00036467802552605155
nutrien ltd,0.0003643304016931734
edison international,0.0003633923445353649
m&t bank corp,0.000363050185156399
wec energy group inc,0.00036243300075276743
t rowe price group inc,0.00036234290710269963
charter communications inc class a,0.00036071595388877575
builders firstsource inc,0.00036037852866563374
telefonica sa,0.0003594365983307053
bridgestone corp,0.00035818249879556054
fifth third bancorp,0.0003578044055194215
fomento economico mexicano,0.0003578129418880874
prudential plc,0.00035750658306707477
marubeni corp,0.0003561027735486133
broadridge financial solutions inc,0.0003553625919973693
renesas electronics corp,0.00035541761293347607
wheaton precious metals corp,0.0003531142381405144
assicurazioni generali,0.00035100410429143804
woolworths group ltd,0.00035067834256887696
zimmer biomet holdings inc,0.000350584689763732
equinor,0.00034960057249484834
mitsui fudosan ltd,0.0003494238127488882
state street corp,0.0003494996155840259
genuine parts,0.0003479006136040347
transurban group stapled units,0.000346751371560905
orix corp,0.0003460539654154026
komatsu ltd,0.0003448251918449213
targa resources corp,0.0003449197221939187
american water works inc,0.0003439252424021324
universal music group nv,0.00034262904019033067
rheinmetall ag,0.0003420840523276644
take two interactive software inc,0.00033968291595921527
corning inc,0.00033946754479501746
ms&ad insurance group holdings inc,0.0003394786147111118
netapp inc,0.0003388480448494913
sea ads representing ltd class a,0.0003387677963170717
iron mountain inc,0.0003370735504596513
daimler truck holding e ag,0.0003368359195193193
hexagon class b,0.00033578475317597384
mahindra and mahindra ltd,0.0003341742386223099
steel dynamics inc,0.000333268469699711
fairfax financial holdings sub vot,0.00033231523722984766
fujifilm holdings corp,0.0003301832448493444
invitation homes inc,0.0003282387571676747
franco nevada corp,0.0003275532876431948
equity residential reit,0.0003269559000235307
bajaj finance ltd,0.0003259548786341662
teck resources subordinate voting,0.0003259012388428759
dai-ichi life holdings inc,0.00032402866537886954
caixabank sa,0.00032307435055038615
grupo mexico b,0.00032183090833643417
align technology inc,0.0003215931699271452
sba communications reit corp class,0.00032159219104957595
tata motors ltd,0.00032055343926246235
quanta computer inc,0.0003201402807369045
western digital corp,0.00032004306550455425
hewlett packard enterprise,0.00031827741189354656
sandvik,0.0003174066513671408
argenx,0.0003169621538302819
kuwait finance house,0.00031645525599269275
terumo corp,0.000316426441428214
nasdaq inc,0.00031636483165317967
deckers outdoor corp,0.00031603293049803355
garmin ltd,0.0003155288325795503
ball corp,0.0003153425509408449
kia corporation corp,0.00031515322233736253
hindustan unilever ltd,0.00031498419135795366
cgi inc,0.00031381926293726296
weyerhaeuser reit,0.0003136286323335624
hubbell inc,0.00031269712076123827
ptc inc,0.0003110668036973827
ares management corp class a,0.00031084140990258764
eversource energy,0.00030883799109174216
merck,0.00030862393971995913
sse plc,0.00030691241406085126
coterra energy inc,0.00030672004943377035
veolia environ. sa,0.00030672764383856197
evolution,0.00030623366599874063
swiss life holding ag,0.00030594678411117467
international flavors & fragrances,0.0003055910184055737
steris,0.000305489552678833
veralto corp,0.0003049037187389508
corpay inc,0.00030412775881887206
alexandria real estate equities re,0.00030335974106944854
restaurants brands international i,0.00030292295000776837
rwe ag,0.00030263628847757853
saudi arabian oil,0.00030266608345343654
atlas copco class b,0.00030241020825166236
huntington bancshares inc,0.000301836861161592
dte energy,0.0003017589117081725
axon enterprise inc,0.0003015286243435631
saudi arabian mining,0.00030101920778537574
entergy corp,0.0003006381359523878
novozymes b,0.0002990789489202478
cameco corp,0.0002982280113548343
kotak mahindra bank ltd,0.000297060116954537
maruti suzuki india ltd,0.00029633165524582943
vodafone group plc,0.0002956217474236847
pembina pipeline corp,0.000294380897348705
skandinaviska enskilda banken,0.00029437840020370143
chugai pharmaceutical ltd,0.0002933604109896122
entegris inc,0.0002930519374535667
vonovia se,0.00029289795304842303
petrochina ltd h,0.0002921482638177401
molina healthcare inc,0.0002914946574585798
repsol sa,0.00029023316833341116
walmart de mexico v,0.00029022636148894954
aptiv plc,0.0002899940458139397
kweichow moutai ltd a,0.0002896311773407928
carlisle companies inc,0.000289044423728409
ferrovial,0.00028883742726929846
kb financial group inc,0.00028822885091438867
centerpoint energy inc,0.00028753392197435924
standard chartered plc,0.0002875015381316571
dsm firmenich ag,0.0002869614910801544
booz allen hamilton holding corp c,0.00028664179915520243
techtronic industries ltd,0.0002863137604405059
firstenergy corp,0.0002860263920283944
ulta beauty inc,0.0002852493872769145
brown & brown inc,0.00028471527525224515
danske bank,0.0002846386654285169
posco,0.00028442550468909866
saudi basic industries,0.0002836865461979827
omnicom group inc,0.0002834456197133929
hcl technologies ltd,0.0002831370630448431
illumina inc,0.0002828187932685627
societe generale sa,0.0002827910019598905
natwest group plc,0.00028266848581510746
kao corp,0.00028231657109750773
delta electronics inc,0.0002820161648910171
darden restaurants inc,0.0002817646209642955
nokia,0.0002812937702190605
geberit ag,0.0002811803246178541
lpl financial holdings inc,0.00027983841803665317
orange sa,0.0002795618793459833
japan post holdings ltd,0.0002789741684316248
celltrion inc,0.0002789084055080107
bank rakyat indonesia (persero),0.0002785638285376555
synchrony financial,0.0002776336031161792
nidec corp,0.00027700744316293957
first citizens bancshares inc clas,0.0002762741777656862
avery dennison corp,0.00027522028205849663
baxter international inc,0.0002752479311318509
pinterest inc class a,0.00027495319869321616
principal financial group inc,0.00027415473491669855
markel group inc,0.0002737818084330695
expedia group inc,0.0002731986900527409
upm-kymmene,0.0002727703488528401
warner bros. discovery inc series,0.0002723364880841196
hologic inc,0.0002723071351523159
ppl corp,0.00027144486426449664
mitsubishi estate co ltd,0.0002712284796608766
cellnex telecom sa,0.00027092180957867935
mccormick & co non-voting inc,0.00027001050401084207
regions financial corp,0.0002680057432184633
tyler technologies inc,0.00026752327232834453
ameren corp,0.0002672075901918602
nippon steel corp,0.0002672151351057144
nec corp,0.00026691926795441014
genmab,0.0002658419287787495
textron inc,0.00026544209415427087
sampo,0.0002642672551733701
cooper inc,0.0002637589164746267
saudi telecom,0.0002635534315341863
fortis inc,0.00026329795297568915
wsp global inc,0.00026329128611695746
panasonic holdings corp,0.0002619617661766456
thales sa,0.0002617988830146499
state bank of india,0.00026156658216647044
cboe global markets inc,0.00026135557591889223
idex corp,0.00026116979675635675
godaddy inc class a,0.00025986537240243996
national bank of kuwait,0.0002582359647856858
jacobs solutions inc,0.0002576657231496819
united micro electronics corp,0.00025749817454655234
legal and general group plc,0.00025696378418648726
nomura holdings inc,0.00025692051550743584
nrg energy inc,0.0002569931593074096
koninklijke philips nv,0.00025542744939017386
qbe insurance group ltd,0.0002554063875196832
dnb bank,0.0002549048528022893
first solar inc,0.00025483101958375445
clorox,0.00025423038478597596
east japan railway,0.0002524222699957773
tdk corp,0.00025239969200518633
cincinnati financial corp,0.00025209806120475743
sompo holdings inc,0.00025202389566071333
factset research systems inc,0.0002517732742696055
teradyne inc,0.0002513425986108197
waters corp,0.0002512077969543564
marathon oil corp,0.0002506358174093201
seagate technology holdings plc,0.0002506425559481078
draftkings inc class a,0.00024949903890208964
america movil b,0.00024917570080390403
teledyne technologies inc,0.0002485725745873461
ajinomoto inc,0.0002480315748352989
leidos holdings inc,0.0002480038893595196
krw cash,0.00024756500812376717
alnylam pharmaceuticals inc,0.0002475052040521692
lennox international inc,0.0002462654971769413
itc ltd,0.00024596321757486435
dominos pizza inc,0.00024558661137868883
sun pharmaceutical industries ltd,0.00024533495487031015
reliance steel & aluminum,0.00024520383466471136
santos ltd,0.00024487730286725483
astellas pharma inc,0.00024472159241454303
citizens financial group inc,0.00024417709455305835
lasertec corp,0.00024415692096309033
hannover rueck,0.00024388208950525207
celanese corp,0.00024353304873865646
kerry group plc,0.00024343290045248853
kbc groep,0.000243275548209507
williams sonoma inc,0.00024315607943851681
laboratory corporation of america,0.0002431105480828904
firstrand ltd,0.00024293253235101322
delta electronics (thailand) non-v,0.00024254804819969622
skyworks solutions inc,0.0002425806096576013
tyson foods inc class a,0.00024255392177187384
cms energy corp,0.0002425126642245505
olympus corp,0.00024209798272787424
suzuki motor corp,0.00024213197707112125
credit agricole sa,0.0002415347089863865
expeditors international of washin,0.00024150018885305685
naver corp,0.00024104789649356085
loblaw companies ltd,0.00024063817175967267
power corporation of canada,0.0002399835187285393
ntpc ltd,0.00023988390768490232
banco bradesco pref sa,0.0002396498825274728
qatar national bank,0.00023927863546358659
northern trust corp,0.00023901228679331662
ctbc financial holding ltd,0.00023890994403399354
samsung sdi ltd,0.0002381337622227286
gold fields ltd,0.00023795668375104151
swedbank,0.00023755811595140418
emirates telecom,0.0002362861062186444
ucb sa,0.00023617472696632757
fubon financial holding ltd,0.0002358732219383222
epiroc class a,0.0002342221724663731
ventas reit inc,0.00023421455300935085
siemens healthineers ag,0.0002337172954746422
kubota corp,0.00023361589805357547
china petroleum and chemical corp,0.00023341038407299823
essex property trust reit inc,0.0002331204741376459
aercap holdings nv,0.00023281519716398348
sun communities reit inc,0.00023267709934973832
power grid corporation of india lt,0.00023247561448363533
coloplast b,0.00023237321037191056
kuaishou technology,0.000231978582930273
powszechna kasa oszczednosci bank,0.0002317931941735204
asahi group holdings ltd,0.00023135574643663395
las vegas sands corp,0.00023093003715251247
straumann holding ag,0.00023011750220266282
otsuka holdings ltd,0.00023002457499192203
everest group ltd,0.00022946241326271527
kyocera corp,0.00022882574221150682
masco corp,0.00022872520812098612
verisign inc,0.00022843702300615385
wr berkley corp,0.00022837911288319657
equitable holdings inc,0.00022806790998330703
kone,0.00022712558862907176
atmos energy corp,0.00022647979744109525
trimble inc,0.00022622603071685977
first abu dhabi bank,0.0002256269091760694
fidelity national financial inc,0.00022537799665385718
zscaler inc,0.00022501981345912086
aristocrat leisure ltd,0.00022495097862075325
secom ltd,0.00022483810727802687
daiwa house industry ltd,0.00022460400358952318
enphase energy inc,0.00022447733133079434
snap on inc,0.00022443767569467962
live nation entertainment inc,0.000224349528858572
commerzbank ag,0.00022405411244291225
okta inc class a,0.00022270450040907263
watsco inc,0.00022248725411097057
titan company ltd,0.0002222566110046853
roblox corp class a,0.00022141629435803967
akamai technologies inc,0.00022132069821557054
conagra brands inc,0.0002209182748265018
eqt corp,0.00022051879655722307
owens corning,0.0002205108526482498
jabil inc,0.00022016393620856334
packaging corp of america,0.00021975072471543206
anta sports products ltd,0.00021969893735765736
cochlear ltd,0.00021935766564569017
symrise ag,0.00021894492308941594
zijin mining group ltd h,0.0002182630649718087
mid america apartment communities,0.00021771657980377865
transunion,0.00021749654340295484
cf industries holdings inc,0.00021723143875488352
teva pharmaceutical industries adr,0.0002170857317090164
zebra technologies corp class a,0.00021710553186736603
zoom video communications inc clas,0.00021642436120341988
inpex corp,0.00021620101432925386
central japan railway,0.00021612271445136657
ericsson b,0.0002157540151482153
japan post bank ltd,0.00021562928684033464
coca cola europacific partners plc,0.0002154556917535086
james hardie industries cdi plc,0.00021510898196916192
kellanova,0.00021485745573238287
cathay financial holding ltd,0.00021447446438725348
tourmaline oil corp,0.0002142805410001531
brown forman corp class b,0.00021403720101433412
carnival corp,0.00021384765215572967
terna rete elettrica nazionale,0.00021330660403753908
check point software technologies,0.000212997713407416
imperial oil ltd,0.00021257596329603084
pentair,0.00021235854347288592
snap inc class a,0.00021225047244432326
tata steel ltd,0.0002117515953084635
biomarin pharmaceutical inc,0.00021153411055402677
alinma bank,0.00021133889314252038
bunge global sa,0.0002113057256251404
weg sa,0.00021110908657623242
quest diagnostics inc,0.0002106804210266346
kuehne und nagel international ag,0.0002105926434297313
asian paints ltd,0.0002100413968040586
hana financial group inc,0.0002095753485203214
china merchants bank ltd h,0.00020915851764450528
avantor inc,0.0002090712295375136
li auto class a inc,0.0002089826450542738
beiersdorf ag,0.0002084884828504854
lg chem ltd,0.00020844280394233285
sonova holding ag,0.000208019628921418
best buy co inc,0.00020792883186606458
prysmian,0.00020746391778372694
essity class b,0.00020717630692737465
pandora,0.00020712730292355748
vat group ag,0.00020699688612324432
swisscom ag,0.00020678133059507937
aviva plc,0.00020614780549052254
nice ltd,0.00020608681435220545
graco inc,0.00020603303171207318
next plc,0.00020528798338156356
toyota industries corp,0.0002050753285949514
coles group ltd,0.00020470978934950413
bank mandiri (persero),0.0002031787823957552
erste group bank ag,0.00020305884806229004
liberty media formula one corp ser,0.0002027934327665581
epam systems inc,0.0002027066897756556
sun hung kai properties ltd,0.00020177125103609805
zomato ltd,0.0002010307856277421
ase technology holding ltd,0.00020080520112923173
chunghwa telecom ltd,0.00020065112622929548
interpublic group of companies inc,0.0002004407818718777
jb hunt transport services inc,0.00020032693114031204
sekisui house ltd,0.00020038579795171994
rpm international inc,0.00020010568190476045
rogers communications non-voting i,0.0001997852234838031
singapore telecommunications ltd,0.0001996277511946222
heidelberg materials ag,0.00019872485550724925
yum china holdings inc,0.00019860603952581325
eneos holdings inc,0.00019807893854684923
magna international inc,0.00019784215447416886
jio financial services ltd,0.00019747450174073677
nitto denko corp,0.00019754691792330016
sumitomo mitsui trust holdings inc,0.00019729955107259498
toyota tsusho corp,0.00019733759958254695
pool corp,0.00019715982629491053
aeon ltd,0.00019665678057011662
stanley black & decker inc,0.00019672643098641093
alfa laval,0.0001963773827552731
smurfit kappa group plc,0.00019642139420740121
chocoladefabriken lindt & spruengl,0.0001960219056104682
ck hutchison holdings ltd,0.0001960357002889765
amcor plc,0.00019564782897381515
segro reit plc,0.00019538949077987434
new oriental education & technolog,0.00019484464627731997
brambles ltd,0.00019468048330422474
shinhan financial group ltd,0.0001946283226170856
emaar properties,0.0001934804735802367
shimano inc,0.00019344503489919946
viatris inc,0.00019317218277209433
rollins inc,0.00019263106522343583
rentokil initial plc,0.00019247613793413183
trent ltd,0.0001925651412497673
antofagasta plc,0.0001923065879134045
keycorp,0.00019219292042101194
mtu aero engines holding ag,0.00019186911911219345
ss and c technologies holdings inc,0.00019186070974299918
albemarle corp,0.0001915558299238838
revvity inc,0.00019158146837678006
host hotels & resorts reit inc,0.00019141158265616136
ovintiv inc,0.0001912378578090057
clp holdings ltd,0.00019074977511695664
moncler,0.00019003826528134934
logitech international sa,0.00018936795501504577
brookfield asset management voting,0.0001890432500876041
manhattan associates inc,0.00018908342517405332
sgs sa,0.00018908962033506988
nordson corp,0.00018900145867213188
applovin corp class a,0.00018880096065941037
healthpeak properties inc,0.00018877093336245788
resona holdings inc,0.00018861380137459848
public bank,0.0001879066047150853
intercontinental hotels group plc,0.00018762816011205638
sandoz group ag,0.0001876732397094982
loews corp,0.00018723671553076546
riyad bank,0.00018725345410201577
b3 brasil bolsa balcao sa,0.00018701639169393968
subaru corp,0.00018655015219521713
uni-president enterprises corp,0.00018628647030934144
w. p. carey reit inc,0.00018625349237088275
alliant energy corp,0.00018614831216523463
wpp plc,0.00018614768790454724
edenred,0.00018578607991649352
henkel & kgaa pref ag,0.00018583446415879943
japan exchange group inc,0.0001849137407927918
novatek microelectronics corp,0.00018452229518896087
rb global inc,0.0001841813245127781
carlsberg as cl b,0.00018394294415285926
svenska handelsbanken-a shs,0.00018365350202956995
walgreen boots alliance inc,0.00018359727173537148
mgm resorts international,0.0001831905285236984
malayan banking,0.00018281741358594213
huntington ingalls industries inc,0.0001820349905993593
cnh industrial n.v. nv,0.00018102260510913416
lg energy solution ltd,0.0001806391096517707
westrock,0.00018063159480059335
dynatrace inc,0.00018051918902034196
allegion plc,0.00018038273647300265
mega financial holding ltd,0.00017985974600269914
cemex cpo,0.00017972587250581965
neurocrine biosciences inc,0.00017959118874822164
nippon yusen,0.0001793841501604619
nitori holdings ltd,0.00017921933726092453
dicks sporting inc,0.00017901952036211601
northern star resources ltd,0.00017903421252400732
suncorp group ltd,0.0001788170509944736
jack henry and associates inc,0.00017817543862083153
otp bank,0.00017812350790294483
julius baer gruppe ag,0.00017771075276942823
evergy inc,0.00017732580827059042
brenntag,0.00017719007620495516
aena sme sa,0.0001754343326428875
unicharm corp,0.00017529276064664155
lkq corp,0.00017383440188978845
gen digital inc,0.00017360410941247894
kingspan group plc,0.00017353560454777853
qorvo inc,0.00017346356056978553
akzo nobel nv,0.0001733896488201765
lamb weston holdings inc,0.0001728578968178929
apa corp,0.0001727057904097655
burlington stores inc,0.00017270129511929227
molson coors brewing class b,0.00017265725023010524
kakao corp,0.00017200045006942005
standard bank group,0.00017198928628415106
aegon ltd,0.00017173065104233198
kirin holdings ltd,0.00017131404430729006
nisource inc,0.0001713618481558758
edp energias de portugal sa,0.00017078213912851022
eiffage sa,0.00017077173284089431
shionogi ltd,0.0001707719149552734
agricultural bank of china ltd h,0.00017029350099271768
e.sun financial holding ltd,0.0001702268736137636
oil and natural gas ltd,0.00017000480951606328
ultratech cement ltd,0.0001696902148508993
dr ing hc f porsche prf ag,0.00016920027185177638
china resources land ltd,0.00016894907906530064
aecom,0.00016841931764169049
bank hapoalim bm,0.00016797058832292375
aes corp,0.00016711641666790816
nn group nv,0.00016705875808979787
metro inc,0.00016675564133419963
associated british foods plc,0.0001665941683571573
sage group plc,0.00016658336655105837
bts group holdings non-voting dr p,0.00016621498137220388
heineken holding nv,0.00016602882029096778
jm smucker,0.00016604230595787945
arcelormittal sa,0.0001657569617660083
fox corp class a,0.0001654932387740235
mediobanca banca di credito finanz,0.00016498363273916882
bentley systems inc class b,0.00016484853853400338
hyundai mobis ltd,0.00016489691878840315
charles river laboratories interna,0.00016455137786956304
xero ltd,0.00016423721175092495
a o smith corp,0.000164170303275717
fresenius se and co kgaa,0.00016379195794346104
credicorp ltd,0.000163503925902871
texas pacific land corp,0.00016332410508108154
ally financial inc,0.00016313307660705586
bandai namco holdings inc,0.0001631031148549192
chocoladefabriken lindt & spruengl,0.00016295020994528352
oersted,0.00016241960686897593
cyber ark software ltd,0.00016228978815232544
f5 inc,0.00016193573714409824
udr reit inc,0.0001612314558484603
sumitomo electric industries ltd,0.0001610113767054633
docusign inc,0.00016067523477005703
smith and nephew plc,0.00016072436229670964
bureau veritas sa,0.0001605832096441294
informa plc,0.00016054486572236322
carmax inc,0.00016031165726765448
intertek group plc,0.00015999079473887783
hlb inc,0.00015916006317795122
tvs motor company ltd,0.00015916515757462716
universal health services inc clas,0.00015915147680707804
eisai ltd,0.0001587245764683314
emirates nbd,0.0001587404614231659
insulet corp,0.00015870861022156463
juniper networks inc,0.00015855708032150529
origin energy ltd,0.0001582352998585451
hindalco industries ltd,0.00015801558433078223
tradeweb markets inc class a,0.00015711210651137106
computershare ltd,0.0001570010955779725
sumitomo realty & development ltd,0.00015663511868539308
unibail rodamco we stapled units,0.0001566772686033993
celsius holdings inc,0.00015638266367550617
renault sa,0.00015637414622383087
eastman chemical,0.00015601062496112988
samsung biologics ltd,0.00015518780775776976
capitaland integrated commercial t,0.0001551246938263535
south32 ltd,0.0001549356884477742
capitec ltd,0.00015433662662332144
exor nv,0.0001543608264646516
saudi awwal bank,0.00015431467524525995
itausa investimentos itau pref sa,0.00015418798713716063
yaskawa electric corp,0.00015418288977511862
arc resources ltd,0.00015405575716886897
link real estate investment trust,0.00015411132444811295
heico corp class a,0.00015386363263418672
international paper,0.0001535784364038577
american homes rent reit class a,0.00015349683177885237
scentre group,0.00015346530216609
bid corporation ltd,0.0001531901679341493
galp energia sgps sa,0.0001530585651919111
boc hong kong holdings ltd,0.00015290492108808884
open text corp,0.00015285347116852354
bunzl,0.0001526023102852967
koninklijke kpn nv,0.00015263182252883684
samsung c&t corp,0.00015225918798038597
shiseido ltd,0.0001521274076229448
ambev sa,0.00015200640575768992
kimco realty reit corp,0.000151942154250492
mitsui osk lines ltd,0.000151942548644181
bank leumi le israel,0.00015179335473681672
equity lifestyle properties reit i,0.0001518551170748233
hennes & mauritz,0.00015178266162672283
anglogold ashanti plc,0.00015164934418711084
bco btg pactual unt sa,0.00015165772625448637
covestro ag,0.0001516727745670696
snam,0.00015162116083659174
bharat electronics ltd,0.0001511590107822051
nongfu spring ltd h,0.00015049878807779057
hormel foods corp,0.00015019406031037744
cp all non-voting dr pcl,0.00014984923067038112
hydro one ltd,0.00014985061641662774
henry schein inc,0.00014977214464976165
daiwa securities group inc,0.00014969189499254806
tfi international inc,0.00014967981388661948
twilio inc class a,0.00014957724984963425
carrefour sa,0.00014897620470654226
galaxy entertainment group ltd,0.00014880673832958925
kansai electric power inc,0.00014856280537280776
fisher and paykel healthcare corpo,0.0001483552227937529
emera inc,0.0001483163360054856
heico corp,0.00014830024286150125
siemens energy n ag,0.00014813197674203368
acs actividades de construccion y,0.00014787136840697563
airports of thailand non-voting dr,0.0001479033367916642
ntt data group corp,0.00014724923695468625
melrose industries plc,0.00014706515418605803
teleflex inc,0.00014683291765564636
gaming and leisure properties reit,0.00014645910227797059
united therapeutics corp,0.00014640209863674857
wartsila,0.0001461927063663513
chesapeake energy corp,0.0001459900867875787
exact sciences corp,0.00014598261406505053
sei investments,0.000145955852249679
severn trent plc,0.0001451574698673476
neste,0.00014501653348198334
tech mahindra ltd,0.0001450045746718422
royalty pharma plc class a,0.000144838942308726
wynn resorts ltd,0.00014482908798821748
american financial group inc,0.00014456519259598388
china shenhua energy ltd h,0.00014458224815464297
lattice semiconductor corp,0.0001445642968509189
be semiconductor industries nv,0.00014418860061311473
erie indemnity class a,0.0001436844014631687
tokyo electric power holdings inc,0.00014364406297482293
nomura research institute ltd,0.00014355884520462695
regency centers reit corp,0.00014309609420346556
crown holdings inc,0.00014300425456629907
kinross gold corp,0.0001425206972274001
southern copper corp,0.00014134319943791724
svenska cellulosa b,0.000141260486788537
pearson plc,0.00014113523954159188
bath and body works inc,0.00014068733827574017
bouygues sa,0.0001406959889643812
capitaland ascendas reit,0.00014052987048573544
hang seng bank ltd,0.00014047930383624677
china life insurance ltd h,0.00013979328111761146
assurant inc,0.00013933079250022138
news corp class a,0.00013926190919345645
asustek computer inc,0.0001392070117801851
realtek semiconductor corp,0.00013911958143787546
mosaic,0.00013902537492730505
hkd cash,0.00013858525876996026
norsk hydro,0.00013862896969757396
campbell soup,0.00013825313684842196
jsw steel ltd,0.00013791083400709007
picc property and casualty ltd h,0.000137797220607065
catalent inc,0.00013769296355055458
dr reddys laboratories ltd,0.0001376258660076954
camden property trust reit,0.0001375015753469469
contemporary amperex technology lt,0.0001374251852670708
incyte corp,0.00013743164843582885
wisetech global ltd,0.00013716283278548616
taiwan cooperative financial holdi,0.00013710058903563415
boliden,0.0001367868969665533
bank pekao sa,0.00013662710443179378
bio techne corp,0.00013655917270077934
ke holdings adr representing inc,0.00013644124275027803
obic ltd,0.00013637308728750534
paycom software inc,0.0001363354269337482
sumitomo metal mining ltd,0.00013620024110899616
keppel ltd,0.00013600052278304643
tenaris sa,0.0001356849014876938
acwa power co,0.0001356055670038057
wistron corp,0.00013554891562762348
yuanta financial holding ltd,0.0001355018949424456
aker bp,0.0001352217077267001
centrais eletr bras-eletrobras,0.00013491380384770448
chailease holding ltd,0.00013403758305980063
pan pacific international holdings,0.00013391868732024243
repligen corp,0.000133921580597253
berkeley group holdings (the) plc,0.00013309322950951272
byd ltd a,0.00013247347454250355
swiss prime site ag,0.00013247502645150476
tokyo gas ltd,0.0001323280474680962
haier smart home class h ltd h,0.00013208462670161498
ptt non-voting dr pcl,0.000132059823152652
qiagen nv,0.0001320997718487389
insurance australia group ltd,0.000131551425760111
boston properties reit inc,0.00013125975674914766
samsung fire & marine insurance lt,0.00013072938527815652
ccl industries inc class b,0.000130595401960478
t&d holdings inc,0.00013055721694143224
lear corp,0.00013041971383646766
auto trader group plc,0.0001301690480671226
schindler holding par ag,0.000130119167132977
orlen sa,0.0001291693787824377
tencent music entertainment group,0.00012911780534003697
annaly capital management reit inc,0.00012886546822901533
lenovo group ltd,0.00012892406468083972
telstra group ltd,0.00012894229820561168
carlyle group inc,0.00012880434947770269
bt group plc,0.0001286947367655391
fortune brands innovations inc,0.00012826962740565234
groupe bruxelles lambert nv,0.00012829401273574365
cleveland cliffs inc,0.00012822957400146652
toro,0.0001282072100285035
banco do brasil sa,0.0001279377233873941
qatar islamic bank,0.00012789155120593188
first financial holding ltd,0.00012775340451427335
accor sa,0.00012762461181428742
nestle india ltd,0.0001275487725767247
west japan railway,0.0001273871539899823
formosa plastics corp,0.00012716017914379523
kajima corp,0.00012708665442558696
solventum corp,0.00012680271704428698
eqt,0.0001264095749442948
cash collateral usd sgaft,0.00012502815434877306
brl cash,0.0001243296556192502
accton technology corp,0.00012423539501631227
screen holdings ltd,0.00012383333483346163
unimicron technology corp,0.00012381922490586257
asx ltd,0.0001237090532733194
tata consumer products ltd,0.00012338162409473384
cimb group holdings,0.00012326084872209527
stora enso class r,0.0001233346915525064
bajaj finserv ltd,0.00012315934424108753
dayforce inc,0.00012301814444941198
cipla ltd,0.0001227204539047289
essential utilities inc,0.00012252127159426206
h world group adr ltd,0.00012250278478632504
varun beverages ltd,0.00012245759199370205
fuji electric ltd,0.00012217477971319544
power assets holdings ltd,0.00012196191540813145
kikkoman corp,0.00012164303445967604
agc inc,0.00012152641683704729
inr cash,0.0001215933418774037
sartorius pref ag,0.00012154264260447332
avenue supermarts ltd,0.00012142859268211009
apollo hospitals enterprise ltd,0.0001213517068748282
banque saudi fransi,0.00012113213654774939
hf sinclair corp,0.00012117520092330308
vail resorts inc,0.00012094805265432717
osaka gas ltd,0.00012084650267028818
shenzhou international group ltd,0.00012083743253572749
auckland international airport ltd,0.00012077833013109701
ch robinson worldwide inc,0.00012073479221725612
twd cash,0.0001205902120105004
nan ya plastics corp,0.00012044256438816722
halma plc,0.00012018990282519455
ageas sa,0.00012014296067109083
chubu electric power inc,0.00012015263962598446
ecopro bm ltd,0.00011956925845286857
great west lifeco inc,0.00011965609459716766
recordati industria chimica e farm,0.00011927321481115536
ivanhoe mines ltd class a,0.00011905440648090577
bank of ireland group plc,0.00011896758956035922
suzano sa,0.00011855921989651682
eicher motors ltd,0.00011830994662218255
hasbro inc,0.00011825953355820613
china resources beer hldgs-500 ltd,0.00011811816525193386
porsche automobil holding pref,0.00011798788271112645
isuzu motors ltd,0.00011787018160508352
mizrahi tefahot bank ltd,0.00011775268296196623
shriram finance ltd,0.00011757642569217604
asahi kasei corp,0.00011739869913461891
etsy inc,0.00011741894031448279
marketaxess holdings inc,0.00011725886330908735
bim birlesik magazalar a,0.0001170541312648699
china steel corp,0.00011669256029276521
imcd nv,0.00011669658889596946
yamaha motor ltd,0.00011664298162145205
mtn group ltd,0.00011652497027676449
schindler holding ag,0.00011645863646905254
ecopro ltd,0.00011633489501455334
match group inc,0.0001162751763250477
hong kong and china gas ltd,0.00011572322169265928
first quantum minerals ltd,0.00011557642196051772
pzu sa,0.00011553833704814076
telenor,0.00011550173573909112
grasim industries ltd,0.00011538150323295367
robert half,0.00011511867158911167
roche holding ag,0.0001151040630709947
finecobank banca fineco,0.00011491030073394886
ck asset holdings ltd,0.00011484895620579791
largan precision ltd,0.00011462152561352013
adani ports and special economic z,0.00011448893601790044
bajaj auto ltd,0.00011455523219613931
innovent biologics inc,0.00011440962822230707
telekomunikasi indonesia,0.00011442807279934089
alchip technologies ltd,0.000114201858313919
the swatch group ag,0.00011397617483353388
equatorial energia sa,0.00011382319834609626
jumbo sa,0.00011377451705591208
yageo corp,0.00011383931879189932
borgwarner inc,0.00011333719396665509
beigene ltd,0.00011305438444700656
dkk cash,0.00011290457773140322
tata power ltd,0.00011271508920266043
dlf ltd,0.0001124768095629344
dropbox inc class a,0.00011244868306564087
sbi life insurance company ltd,0.00011240723655292023
lundin mining corp,0.00011228555459629242
henkel ag,0.00011217848913359377
stantec inc,0.00011214710799364355
mineral resources ltd,0.0001120445900732136
delta air lines inc,0.00011183678151281245
obayashi corp,0.00011183578392276065
coal india ltd,0.0001116978688364186
knight-swift transportation holdin,0.00011169570401692429
coca cola hbc ag,0.00011158607535313625
george weston ltd,0.00011148687230297064
sabic agri-nutrients,0.0001113956187857485
fresenius medical care ag,0.00011128279243478337
trend micro inc,0.00011116531373119662
cspc pharmaceutical group ltd,0.00011107650275534052
localiza rent a car sa,0.00011107689714902951
vivendi,0.00011105948993885458
nissan motor ltd,0.00011092310457239513
sysmex corp,0.00011097634823167841
hindustan aeronautics ltd,0.00011080898460603998
sonic healthcare ltd,0.00011078315729000048
max healthcare institute ltd,0.00011061844275881384
minebea mitsumi inc,0.00011061726816708312
tryg,0.00011061220730972014
redeia corporacion sa,0.00011040610884526261
tenaga nasional,0.00011044268459081154
spark new zealand ltd,0.00010998407825114765
geely automobile holdings ltd,0.00010989962820400504
kt&g corp,0.00010980178185994922
lifco class b,0.00010981753132822997
sodexo sa,0.00010981595835490415
telus corp,0.00010943445235142011
centrica plc,0.0001093501855434506
fmc corp,0.00010931780855176665
gea group ag,0.00010920633256716312
globe life inc,0.00010878367086134257
hotai motor ltd,0.00010862028859755906
jfe holdings inc,0.00010863585247482464
davita inc,0.00010836074728302073
abn amro bank nv,0.00010824532869082939
skf b,0.00010828282349535592
sm prime holdings inc,0.00010791862398185401
lg electronics inc,0.00010757254520695892
caesars entertainment inc,0.00010727754312451872
robinhood markets inc class a,0.00010728483025603173
eurofins scientific,0.00010677216467915783
midea group ltd a,0.00010656533898423206
daito trust construction ltd,0.00010649409176942924
medibank private ltd,0.00010617388254147683
franklin resources inc,0.00010594130397142562
stockland stapled units ltd,0.0001055223617549587
e ink holdings inc,0.00010541945394001588
ampol ltd,0.0001051171476496442
astra international,0.00010512695299048536
toast inc class a,0.00010510060775792143
bangkok dusit medical services non,0.0001050694952392367
akbank a,0.00010469018473144782
rakuten group inc,0.00010392674305315978
china merchants bank ltd a,0.00010321795573037833
jazz pharmaceuticals plc,0.0001030374184147909
sainsbury(j) plc,0.00010299068046193086
sinopac financial holdings ltd,0.000103016674042979
bmw pref ag,0.00010283667509471657
nibe industrier class b,0.00010282805508227643
paylocity holding corp,0.00010260895021541857
wipro ltd,0.0001026274261844313
dr sulaiman al habib medical grp,0.00010248324313222262
leonardo finmeccanica spa,0.00010238421994684802
asr nederland nv,0.00010217539165840345
kingfisher plc,0.00010215113379815207
pilbara minerals ltd,0.00010219086111432281
apa group units,0.0001021132104880012
omv ag,0.00010206571345255103
wiwynn corporation corp,0.00010163808017756278
gfl environmental subordinate voti,0.00010154973415065764
tmx group ltd,0.00010157118640648045
davide campari milano nv,0.00010146411518688145
ptt exploration and production non,0.00010090030536855837
getlink,0.00010054823872196127
grupo aeroportuario del pacifico,0.00010052574218690895
li ning ltd,0.00010054486744838895
continental ag,0.00010039446376369158
land securities group reit plc,0.00010040739055112531
wuliangye yibin ltd a,0.00010040762785198971
canadian utilities ltd class a,0.00010033102947048443
pan american silver corp,0.00010028741189054993
divis laboratories ltd,0.00010013921511309445
wix.com ltd,0.00010017058255100828
mitsubishi chemical group corp,0.00010003077410909868
mowi,0.00010000037012885048
industrivarden series,9.985137776412584e-05
saab b,9.959309134138668e-05
spirax-sarco engineering plc,9.96449982238653e-05
bank negara indonesia,9.943314692875673e-05
shimadzu corp,9.947325609205029e-05
turkiye petrol rafinerileri a,9.942891179291755e-05
interglobe aviation ltd,9.937173914627963e-05
albertsons company inc class a,9.86816696743546e-05
evergreen marine corp (taiwan) ltd,9.87511214724738e-05
lite on technology corp,9.872489230842849e-05
cgn power ltd h,9.835638362718935e-05
metso corporation,9.835887110918965e-05
baloise holding ag,9.834270280851322e-05
china development financial holdin,9.833224130373579e-05
treasury wine estates ltd,9.817206925324471e-05
china mengniu dairy ltd,9.808334080659429e-05
kghm polska miedz sa,9.808410509391319e-05
ly corp,9.765603816992425e-05
china overseas land investment ltd,9.762594377389508e-05
elbit systems ltd,9.748389198141698e-05
raia drogasil,9.753045117382924e-05
seek ltd,9.74198715375893e-05
bluescope steel ltd,9.721238512842411e-05
aud cash,9.710588981359455e-05
daifuku ltd,9.706683459253376e-05
nedbank group ltd,9.694221219934922e-05
ramsay health care ltd,9.689695906663915e-05
cez,9.672857055935557e-05
airtac international group,9.646746885895917e-05
taiwan mobile ltd,9.628208118609902e-05
uipath inc class a,9.630085475516161e-05
konami group corp,9.614308367978442e-05
wuxi biologics cayman inc,9.593505720587778e-05
enn energy holdings ltd,9.583255745598415e-05
cad cash,9.570482784996423e-05
makita corp,9.577025393866748e-05
adani green energy ltd,9.551618614797144e-05
anhui conch cement ltd h,9.555733389494653e-05
posco future m ltd,9.54200186101344e-05
sbi holdings inc,9.5335074011507e-05
idemitsu kosan ltd,9.521650953401641e-05
hdfc life insurance company ltd,9.493847867113381e-05
mirvac group stapled units,9.494805695696163e-05
nio american depositary shares rep,9.496332325462812e-05
advanced info service non-voting d,9.488484916659618e-05
gpt group stapled units,9.467319078388938e-05
ping an insurance (group) of china,9.449424971463883e-05
abu dhabi commercial bank,9.426906018243987e-05
britannia industries ltd,9.410136367912056e-05
petro rio sa,9.397552514840395e-05
scout24 n,9.401872217807553e-05
beijer ref class b,9.391465857591312e-05
darling ingredients inc,9.391811917858233e-05
hero motocorp ltd,9.392896482097226e-05
companhia de saneamento basico de,9.379574751870528e-05
ia financial inc,9.37750214196837e-05
roku inc class a,9.378923831519515e-05
the lottery corporation ltd,9.378212133434289e-05
toray industries inc,9.378360607268964e-05
smiths group plc,9.363326441527042e-05
car group ltd,9.336100351058434e-05
cholamandalam investment and finan,9.331190051466703e-05
grupo financiero inbursa sries o,9.335439642954268e-05
ltimindtree ltd,9.321428408873662e-05
zillow group inc class c,9.320982757298126e-05
formosa chemicals & fibre corp,9.311919155745691e-05
sociedad quimica y minera de chile,9.300916847952908e-05
bio rad laboratories inc class a,9.277541591082038e-05
capitaland investment ltd,9.255212996981466e-05
dai nippon printing ltd,9.262515734500386e-05
sartorius stedim biotech sa,9.26215368170742e-05
taylor wimpey plc,9.260580899596585e-05
taiwan cement corp,9.248517759696329e-05
genting singapore ltd,9.224646715089788e-05
taisei corp,9.220261283249598e-05
burberry group plc,9.213016478758531e-05
gildan activewear inc,9.204330578951658e-05
power finance corporation ltd,9.204798993290767e-05
omron corp,9.177134763848214e-05
bharat petroleum ltd,9.165395149477731e-05
nippon paint holdings ltd,9.166419902282839e-05
kongsberg gruppen,9.144915799590416e-05
almarai,9.124199994479292e-05
nippon building fund reit inc,9.118109524178444e-05
united utilities group plc,9.106073359906679e-05
shenzhen mindray bio-medical elect,9.093279855452976e-05
zto express cayman adr representin,9.095067865879167e-05
hankyu hanshin holdings inc,9.065680387560587e-05
jardine matheson holdings ltd,9.053631816810657e-05
canadian tire ltd class a,9.03657836356144e-05
croda international plc,9.032746765986719e-05
bank aljazira,9.00582502330965e-05
eurobank holdings sa,9.007754394782078e-05
petronas gas,8.997662795905026e-05
gail india ltd,8.985067845206435e-05
sanlam limited ltd,8.981316431130587e-05
aisin corp,8.97439071434557e-05
mazda motor corp,8.973681519438333e-05
dcc plc,8.951531333009231e-05
jeronimo martins sa,8.955649010697881e-05
indutrade,8.945557469083071e-05
sands china ltd,8.927183053633294e-05
ono pharmaceutical ltd,8.912952037866585e-05
woori financial group inc,8.908148271607722e-05
toromont industries ltd,8.906062059878104e-05
bank of the philippine islands,8.885561141553967e-05
havells india ltd,8.884130516025512e-05
banco bpm,8.861410732876402e-05
hua nan financial holdings ltd,8.857817694912867e-05
info edge india ltd,8.85261249477692e-05
ihh healthcare,8.837530924079276e-05
ooredoo,8.841698624426121e-05
siemens ltd,8.806520015197172e-05
hanwha aerospace ltd,8.791866965461965e-05
turk hava yollari ao a,8.748131696282883e-05
china resources power ltd,8.737710710676614e-05
element fleet management corp,8.741417222974731e-05
cae inc,8.722151221130296e-05
tingyi (cayman islands) holdings c,8.719914941426098e-05
rec,8.705907861925627e-05
syensqo sa,8.711322713443616e-05
admiral group plc,8.697014131880505e-05
tokyu corp,8.696000760968455e-05
whitbread plc,8.696280295803662e-05
adani enterprises ltd,8.67491300078673e-05
saputo inc,8.67458958978144e-05
bollore,8.664864652285262e-05
orica ltd,8.659746351691095e-05
singapore airlines ltd,8.653555494545489e-05
capcom ltd,8.644054664079734e-05
mobile tel,8.637811508101833e-05
samsara inc class a,8.603825930067939e-05
sar cash(committed),8.60452454066334e-05
rivian automotive inc class a,8.59667366033675e-05
wise plc class a,8.6006255055512e-05
grupo aeroportuario del sureste b,8.583716372579064e-05
hyatt hotels corp class a,8.58557238907493e-05
sk square ltd,8.566710267023327e-05
absa group ltd,8.556102564585316e-05
nemetschek,8.547110781131782e-05
teleperformance,8.533551173328098e-05
china petroleum & chemical corp a,8.529851375027807e-05
telia company,8.526000087422298e-05
barratt developments,8.513826715661891e-05
entain plc,8.517770821270867e-05
shoprite holdings ltd,8.517943823795746e-05
dentsu group inc,8.502937429218456e-05
grupo carso series a1,8.499757263264763e-05
samsung heavy industries ltd,8.506748710967892e-05
warehouses de pauw nv,8.48100895912119e-05
euronext nv,8.477332379637328e-05
pidilite industries ltd,8.461521866739418e-05
advantech ltd,8.449786236184886e-05
bdo unibank inc,8.444605051424048e-05
leg immobilien n,8.43663472001641e-05
president chain store corp,8.430496218965342e-05
sig group n ag,8.398456003907382e-05
orkla,8.393475251307688e-05
altagas ltd,8.360151862015922e-05
fortum,8.364457906915919e-05
yakult honsha ltd,8.36495363738935e-05
press metal aluminium holdings,8.331404435470393e-05
sumco corp,8.330988717731651e-05
etihad etisalat,8.317857290384575e-05
endesa sa,8.309392708118928e-05
wh group ltd,8.315192603219882e-05
concordia financial group ltd,8.287443921173837e-05
paramount global class b,8.280791934264285e-05
unity software inc,8.281793809781335e-05
seiko epson corp,8.269238865961358e-05
adecco group ag,8.256756082791191e-05
central pattana non-voting dr pcl,8.258153927731413e-05
wharf real estate investment compa,8.25624419005007e-05
aspen technology inc,8.249076213081505e-05
lg corp,8.238137871302743e-05
rumo sa,8.230274300231859e-05
indian oil corp ltd,8.216165638537338e-05
skanska b,8.21833738369526e-05
zalando,8.213892823477923e-05
grab holdings ltd class a,8.195720717572783e-05
kawasaki kisen ltd,8.19578559364743e-05
kintetsu group holdings ltd,8.195762090564874e-05
shanghai commercial ltd,8.19930129179591e-05
cmoc group ltd h,8.18682772784664e-05
deutsche lufthansa ag,8.177409186289677e-05
fuyao glass industry group ltd h,8.147441525916715e-05
indian hotels ltd,8.133297296189844e-05
rea group ltd,8.138832281845617e-05
wanhua chemical group ltd a,8.129059883154018e-05
confluent inc class a,8.114863582621276e-05
descartes systems group inc,8.112351808137522e-05
cosco shipping holdings ltd h,8.085578084264817e-05
lupin ltd,8.074500089081665e-05
sekisui chemical ltd,8.077689814762085e-05
godrej consumer products ltd,8.054971453966155e-05
dexus stapled units,8.042354423560728e-05
tal education group adr reptg,8.021941656367366e-05
bill holdings inc,8.007523468738604e-05
keyera corp,8.003677871568352e-05
verbund ag,8.00167116130341e-05
china yangtze power ltd a,7.995202248938019e-05
great wall motor company ltd h,7.994127700478602e-05
ems-chemie holding ag,7.982497407907646e-05
toppan holdings inc,7.961647355561263e-05
grupo bimbo a,7.939701471607311e-05
meritz financial group inc,7.872855000159076e-05
delivery hero,7.864929569506628e-05
nissan chemical corp,7.866077302178422e-05
west fraser timber ltd,7.866026027931234e-05
m3 inc,7.84632319494155e-05
m&g plc,7.82037635317558e-05
samsung electro mechanics ltd,7.824002340446453e-05
elisa,7.80991575948131e-05
israel discount bank ltd,7.815773643849817e-05
bank albilad,7.777905990552697e-05
nexon ltd,7.781912070267719e-05
adani power ltd,7.772604899680498e-05
yara international,7.773028470526658e-05
puma,7.736615627874746e-05
taishin financial holding ltd,7.74025060634009e-05
weichai power ltd h,7.737368813476548e-05
persimmon plc,7.727196176257157e-05
yes bank ltd,7.722867368593585e-05
buenaventura adr representing,7.708523844792622e-05
mondaycom ltd,7.70504866479277e-05
kyowa kirin ltd,7.698542876566331e-05
meg energy corp,7.674701765796583e-05
rohm ltd,7.680538252492457e-05
mtr corporation corp ltd,7.651352458946557e-05
nissin foods holdings ltd,7.650745187761739e-05
yokogawa electric corp,7.651309606339041e-05
pegatron corp,7.63269196440539e-05
ambuja cements ltd,7.620960431168751e-05
keisei electric railway ltd,7.61320532807647e-05
tis inc,7.618857089848576e-05
suntory beverage & food ltd,7.602994505122255e-05
washington h soul pattinson & comp,7.581549473544737e-05
citic ltd,7.562101079190342e-05
gerdau pref sa,7.56478642473123e-05
aldar properties,7.546544947665477e-05
petronas chemicals group,7.542060040063697e-05
liberty broadband corp series c,7.536588449844608e-05
tube investments of india ltd,7.534269198174878e-05
crrc corp ltd h,7.530129838547464e-05
indusind bank ltd,7.52800640840589e-05
knorr bremse ag,7.526336027916956e-05
santander bank polska sa,7.530446534532386e-05
vicinity centres,7.523724208116815e-05
dassault aviation sa,7.51868495293447e-05
aurobindo pharma ltd,7.498556615475435e-05
nippon sanso holdings corp,7.485841246372928e-05
icici lombard general insurance co,7.455787369514923e-05
getinge b,7.442058971028737e-05
komercni bank,7.439656745348394e-05
gecina sa,7.418937924766728e-05
industrial and commercial bank of,7.410926732659552e-05
westlake corp,7.417056242516147e-05
industries qatar,7.400466365969165e-05
ipsen sa,7.398848227050287e-05
misumi group inc,7.404393399249826e-05
samsung life ltd,7.4038619310024e-05
hd korea shipbuilding & offshore e,7.366827077251159e-05
u haul non voting series n,7.366593980048805e-05
meiji holdings ltd,7.3430451521208e-05
srf ltd,7.340826002007158e-05
china tower corp ltd h,7.328531926554168e-05
mondi plc,7.329044673116212e-05
bupa arabia,7.30932573614362e-05
dino polska sa,7.311393167903075e-05
singapore technologies engineering,7.296849211940969e-05
zar cash,7.298636369568775e-05
boubyan bank,7.28352600209885e-05
hankook tire & technology ltd,7.279232420939259e-05
al-elm information security compan,7.263371601117026e-05
arkema sa,7.257407865449847e-05
aurizon holdings ltd,7.219069692403698e-05
dieteren (d) sa,7.213413434523085e-05
bancolombia pref sa,7.201616911709858e-05
firstservice subordinate voting co,7.193267000150625e-05
boe technology group ltd a,7.167297451860782e-05
parkland corp,7.171482338037885e-05
arab national bank,7.162183076797786e-05
mitsui chemicals inc,7.136548948223327e-05
alstom sa,7.105792591478454e-05
bank of china ltd a,7.108187531561092e-05
huaneng power international inc h,7.095617052290462e-05
doosan enerbility ltd,7.090026068252567e-05
reece ltd,7.085839076665546e-05
siam cement non-voting dr pcl,7.089431942842356e-05
coca-cola femsa class ubl units,7.081404702991973e-05
vibra energia sa,7.07695166285018e-05
sinopharm group ltd h,7.06213375000872e-05
securitas b,7.05509341875699e-05
onex corp,7.045581091873696e-05
tele2 b,7.05060742828532e-05
tongcheng travel holdings ltd,7.042753247199516e-05
umicore sa,7.049385032808265e-05
aspen pharmacare ltd,7.032362081928099e-05
futu holdings adr ltd,7.037275512537398e-05
krafton inc,7.037335322948743e-05
ricoh ltd,7.037011342388658e-05
japan real estate investment trust,7.01432285816728e-05
swedish orphan biovitrum,7.015808855260816e-05
agricultural bank of china ltd a,7.002244353580556e-05
liberty global ltd class c,6.966765949930815e-05
carl zeiss meditec ag,6.958054384369228e-05
cummins india ltd,6.945034098942927e-05
a p moller maersk b,6.937212868187002e-05
gigabyte technology ltd,6.923979459855265e-05
otsuka corp,6.920645129631637e-05
haidilao international holding ltd,6.914330154532293e-05
charoen pokphand foods non-voting,6.900188827796563e-05
hamamatsu photonics,6.879939274352389e-05
poste italiane,6.879666056769478e-05
a p moller maersk,6.870415509336335e-05
nok cash,6.863874608107858e-05
china citic bank corp ltd h,6.826216548930534e-05
telefonica brasil sa,6.810637597379855e-05
hygon information technology ltd a,6.804306745301489e-05
matsukiyokara,6.79511913929726e-05
silergy corp,6.784615066178437e-05
ibiden ltd,6.766462253558554e-05
woolworths holding ltd,6.769062691465637e-05
swire pacific ltd a,6.743736721689403e-05
toho (tokyo) ltd,6.743601848659646e-05
randstad holding,6.725528422979956e-05
national bank of greece sa,6.723146570387142e-05
bank of communications ltd a,6.704384323910281e-05
vipshop holdings sponsored ads rep,6.689709819240197e-05
jbs sa,6.677602234637602e-05
sm investments corp,6.680078668092892e-05
bb seguridade sa,6.665893749453206e-05
korea zinc inc,6.670276222062554e-05
cia energetica de minas gerais pre,6.659546052050412e-05
ememory technology inc,6.656966386021468e-05
shizuoka financial group inc,6.654016415301526e-05
sk innovation ltd,6.654902140496741e-05
kesko class b,6.648492926063293e-05
yankuang energy group company ltd,6.653165973872535e-05
harmony gold mining company limite,6.640008823508502e-05
helvetia holding ag,6.628319573324582e-05
lpp sa,6.6262203293223e-05
endeavour group ltd,6.621406887789688e-05
hanmi semiconductor ltd,6.613460742521343e-05
demant,6.605230054016731e-05
hulic ltd,6.604116467024109e-05
nomura real estate master fund rei,6.612655656877854e-05
container corporation of india ltd,6.597944959403462e-05
kunlun energy ltd,6.58558868284054e-05
inventec corp,6.57999246442024e-05
kanzhun american depository shares,6.579081926268694e-05
saudi electricity,6.577453658068293e-05
japan metropolitan fund investment,6.565038823705559e-05
rational ag,6.55451517508043e-05
akeso inc,6.549459245337842e-05
hongkong land holdings ltd,6.533014145120794e-05
suzlon energy ltd,6.52279512753079e-05
abrdn plc,6.511038668858418e-05
liberty media liberty siriusxm cor,6.512636945959783e-05
korea aerospace industries ltd,6.502622629635544e-05
tim sa,6.503306044263581e-05
ayala land inc,6.500480647550231e-05
fastighets balder class b,6.491868899278605e-05
foxconn industrial internet ltd a,6.494723091741697e-05
samsung sds ltd,6.478896815366708e-05
st jamess place plc,6.475607271373786e-05
arca continental,6.449245793716425e-05
biomerieux sa,6.443524774285649e-05
brother industries ltd,6.444375842531679e-05
cg power and industrial solutions,6.441373801005867e-05
icl group ltd,6.438162221599958e-05
industrial bank ltd a,6.43177924145348e-05
temenos ag,6.430629289869825e-05
ultrapar participoes sa,6.428707031185835e-05
banco de chile,6.414605199036165e-05
bechtle ag,6.384246063303457e-05
bharat forge ltd,6.378896713654613e-05
sg holdings ltd,6.384663089893434e-05
colgate palmolive india ltd,6.368596146452259e-05
kingsoft corp ltd,6.371269200039465e-05
alpha services and holdings sa,6.366424287792396e-05
lotus bakeries nv,6.35510744668685e-05
globalwafers ltd,6.344139683363849e-05
shanxi xinghuacun fen wine factory,6.343112028590141e-05
sk inc,6.341669907666685e-05
amorepacific corp,6.329682457201879e-05
php cash,6.318776154669829e-05
acer,6.294374153085875e-05
voltronic power technology corp,6.295003675764254e-05
korea electric power corp,6.278527446361117e-05
sagax class b,6.27851646325867e-05
sasol ltd,6.285607613727277e-05
innolux corp,6.275446131397057e-05
sgd cash,6.27150231005421e-05
far eastone telecommunications ltd,6.263965792276197e-05
bank of jiangsu corporation ltd a,6.24598188384076e-05
china shenhua energy ltd a,6.214049795233031e-05
kdx realty investment corp,6.202876193579756e-05
klepierre reit sa,6.190210505607074e-05
sembcorp industries ltd,6.191199121847576e-05
bidvest group ltd,6.177529395685683e-05
wilmar international ltd,6.16151025599084e-05
hong leong bank,6.14069082053799e-05
jd health international inc,6.135591868446243e-05
genting,6.124429364419896e-05
united tractors,6.109557501343995e-05
pln cash,6.0965439882003025e-05
salmar,6.063765441979535e-05
barry callebaut ag,6.0582530493456906e-05
jollibee foods corp,6.027512285313711e-05
p.i. industries ltd,6.024878157780309e-05
hapvida participacoes e investimen,6.016391324021102e-05
hansoh pharmaceutical group ltd,6.008680893657583e-05
southwest airlines,5.9966707929086054e-05
mcdonalds holdings (japan) ltd,5.990706488709171e-05
vedanta ltd,5.987839947030154e-05
orion class b,5.974120084708126e-05
sek cash,5.962535944481353e-05
xinyi solar holdings ltd,5.9487801725986036e-05
edp renovaveis sa,5.936864767236583e-05
tobu railway ltd,5.930396708692115e-05
xpeng class a inc,5.934713850196503e-05
commercial bank of qatar,5.922200905163116e-05
hoshizaki corp,5.9257399366525065e-05
yunnan baiyao group ltd a,5.928489872979374e-05
cosan industria e comercio sa,5.911025426126348e-05
toto ltd,5.916093590560378e-05
china international capital corp l,5.901615648759969e-05
sino land ltd,5.9038255796527134e-05
chiba bank ltd,5.8909138757069583e-05
hkt trust and hkt units ltd,5.8875709520569306e-05
sino biopharmaceutical ltd,5.87181068984364e-05
hikari tsushin inc,5.8597422000139546e-05
amplifon,5.845923032694519e-05
impala platinum ltd,5.847766757236701e-05
aluminum corporation of china ltd,5.8188595874428426e-05
banco de credito e inversion,5.819260394502889e-05
eclat textile ltd,5.819381154435173e-05
mabanee company,5.8246496937681046e-05
pt sumber alfaria trijaya,5.820726302775026e-05
orbia advance corp sa de cv,5.817133436598216e-05
yamato holdings ltd,5.8140105778778785e-05
mytilineos sa,5.8060478725737725e-05
odakyu electric railway ltd,5.797901920938782e-05
amman mineral internasional,5.7829396867977024e-05
catcher technology ltd,5.7865946978447436e-05
aib group plc,5.773228977946021e-05
jiangsu hengrui medicine ltd a,5.759316081539954e-05
adevinta,5.747920650052899e-05
persistent systems ltd,5.7517545810639644e-05
masraf al rayan,5.732300041243998e-05
malaysia airports holdings,5.723708211029586e-05
allegro sa,5.712774592363216e-05
auo corp,5.713555150339041e-05
hyundai glovis ltd,5.6664959644839815e-05
micro-star international ltd,5.6738966408868306e-05
totvs sa,5.666499664033804e-05
compal electronics inc,5.652913308628054e-05
asia cement corp,5.6363889349727565e-05
koc holding a,5.64028774205847e-05
asahi intecc ltd,5.6180471845641905e-05
latour investment class b,5.6233396257702874e-05
commercial international bank egyp,5.612624650702969e-05
bharat heavy electricals ltd,5.587445846932715e-05
kobe bussan ltd,5.58321384006602e-05
punjab national bank,5.5888585452893905e-05
sitc international holdings ltd,5.5845925645302485e-05
godrej properties ltd,5.575771164876581e-05
sendas distribuidora sa,5.578733143284076e-05
fibra uno administracion reit sa,5.5719566396301754e-05
uss ltd,5.569833381275326e-05
hirose electric ltd,5.5591521520740266e-05
aselsan elektronik sanayi ve ticar,5.551377927483211e-05
global unichip corp,5.5396032573729314e-05
mol hungarian oil and gas,5.5339510405705114e-05
zensho holdings ltd,5.514140537183449e-05
want want china holdings ltd,5.493883699164111e-05
china hongqiao group ltd,5.471268285653169e-05
monotaro ltd,5.462824020235348e-05
muyuan foods ltd a,5.461695977594343e-05
bc vaud n,5.4542834080284224e-05
voestalpine ag,5.4545033594561696e-05
walsin lihwa corp,5.430206410567123e-05
indofood sukses makmur,5.428251942894775e-05
empresas copec sa,5.3755413357734376e-05
idfc first bank ltd,5.371096662054158e-05
japan post insurance ltd,5.375592326777038e-05
clariant ag,5.363697749532858e-05
mitsubishi hc capital inc,5.365424924962594e-05
avolta ag,5.3472043905391644e-05
greek organisation of football pro,5.340095256659077e-05
celcomdigi,5.332271408200679e-05
cj cheiljedang corp,5.326500934643965e-05
talanx ag,5.324134960052714e-05
abu dhabi islamic bank,5.297408642158269e-05
glp j-reit reit,5.288394948739545e-05
hypermarcas sa,5.2950241156232814e-05
turkcell iletisim hizmetleri a,5.291042563575922e-05
tata elxsi ltd,5.286603693793844e-05
la francaise des jeux sa,5.2705170040821793e-05
marico ltd,5.264622583335912e-05
qantas airways ltd,5.248839557336506e-05
elia group sa,5.246201901017467e-05
meridian energy ltd,5.245053599813417e-05
holmen class b,5.229353262535955e-05
scsk corp,5.229270176045941e-05
sunny optical technology ltd,5.219379976652898e-05
daqin railway ltd a,5.199151479352991e-05
klabin units sa,5.189243638076838e-05
dabur india ltd,5.18017633697458e-05
bank of beijing ltd a,5.1603667446706825e-05
henderson land development ltd,5.162308010328722e-05
evonik industries ag,5.136027000436363e-05
luzhou lao jiao ltd a,5.12503618906112e-05
savola group,5.126256025120482e-05
sdic power holdings ltd a,5.1301515314469836e-05
upl ltd,5.113828101222844e-05
china resources gas group ltd,5.0994113932095014e-05
natura co holding sa,5.0974431529455104e-05
kingdee int l software group ltd,5.0867042760050254e-05
square enix hldg ltd,5.0804333488624895e-05
wharf (holdings) ltd,5.0826188093498124e-05
companhia concessoes rodoviarias s,5.044722700808778e-05
nmdc ltd,5.052390506591209e-05
amundi sa,5.012805067849434e-05
china merchants securities ltd a,5.019359286639242e-05
db islamic bank,5.009608399122221e-05
cheung kong infrastructure holding,4.999092204813899e-05
canadian apartment properties real,4.98046534365935e-05
indian railway catering and touris,4.980394549123018e-05
prologis property mexico reit sa,4.9767835287705424e-05
azbil corp,4.962277815805501e-05
nippon express holdings inc,4.967151637304256e-05
saudi tadawul group co,4.9635596249483694e-05
gree electric appliances inc of zh,4.934635724354564e-05
jindal steel and power ltd,4.93062702693707e-05
hellenic telecommunications organi,4.9227551477284535e-05
macrotech developers ltd,4.91831787106374e-05
maxis,4.9024054354659496e-05
hitachi construction machinery ltd,4.8960991672949485e-05
sofina sa,4.896528770104737e-05
byd electronic (international) ltd,4.889413604261022e-05
northland power inc,4.884654681495107e-05
shimizu corp,4.8715761215125835e-05
banco santander chile,4.857528238574816e-05
jd sports fashion plc,4.855993982704635e-05
gruma,4.840453558417148e-05
hengli petrochemical ltd a,4.830816658549802e-05
lojas renner sa,4.830744953952844e-05
zozo inc,4.822466804252811e-05
gcl technology holdings ltd,4.8153191993492324e-05
nestle malaysia,4.813194745645089e-05
shandong gold-mining ltd a,4.8083007218229914e-05
turkiye is bankasi c,4.813479288881356e-05
yadea group holdings ltd,4.811422725699864e-05
global e online ltd,4.807756276520064e-05
shenwan hongyuan group ltd a,4.800223116763504e-05
sahara international petrochemical,4.796667867789261e-05
grupo aeroportuario del centro nor,4.785448340795687e-05
yamaha corp,4.778703478620428e-05
china pacific insurance (group) lt,4.7472330330917414e-05
turkiye sise ve cam fabrikalari a,4.746844688749563e-05
yang ming marine transport corp,4.755350700247004e-05
lundbergforetagen class b,4.736946521724619e-05
citic securities company ltd h,4.729006920712456e-05
zhuzhou crrc times electric ltd h,4.7363832974740684e-05
china tourism group duty free corp,4.7166133132581736e-05
clicks group ltd,4.722446272190949e-05
husqvarna,4.714741476022988e-05
hyundai steel,4.706247472213101e-05
koito manufacturing ltd,4.7115949434559115e-05
lg h & h ltd,4.714979865892529e-05
apl apollo tubes ltd,4.686746550999982e-05
shree cement ltd,4.695743400116818e-05
the peoples insurance co (group),4.686561712574273e-05
eva airways corp,4.671915663148102e-05
legend biotech adr rep corp,4.668683311864055e-05
old mutual limited ltd,4.627368592282625e-05
hindustan petroleum corp ltd,4.6233726991113674e-05
hmm ltd,4.605502892850088e-05
jiangsu yanghe brewery joint-stock,4.593943165766496e-05
lg display ltd,4.591665059062433e-05
polycab india ltd,4.581773265529486e-05
bkw n ag,4.5667851958920466e-05
samvardhana motherson internationa,4.5699260370013246e-05
iflytek ltd a,4.5574800161902626e-05
vanguard international semiconduct,4.5572329193923785e-05
goto gojek tokopedia,4.5452155340682366e-05
l&f ltd,4.5342328610890805e-05
samsung e&a ltd,4.541304833819452e-05
china railway group ltd h,4.524473608172086e-05
nexi,4.5020734229765e-05
rede dor sao luiz sa,4.497707453140672e-05
huatai securities ltd h,4.4899928692195585e-05
jiangxi copper ltd h,4.4761968061920665e-05
hikma pharmaceuticals plc,4.4542401098998546e-05
empire ltd class a,4.4465625726039724e-05
grifols sa class a,4.450794009915873e-05
longfor group holdings ltd,4.438031918914385e-05
winbond electronics corp,4.4364774044811595e-05
china longyuan power group corp lt,4.403487272232617e-05
bce inc,4.393667069794684e-05
china state construction internati,4.393440802137181e-05
kalbe farma,4.3912969989080786e-05
china oilfield services ltd h,4.364028397360327e-05
air canada voting and variable vot,4.346860273404696e-05
enel americas sa,4.344270875862301e-05
indust penoles,4.34034202143785e-05
adaro energy indonesia,4.331069565062057e-05
hengan international group ltd,4.313941504224741e-05
japan airlines ltd,4.317424878860382e-05
volkswagen ag,4.3153374717814705e-05
china minsheng banking corp ltd a,4.294834676073841e-05
kakaobank corp,4.2938588640795776e-05
feng tay enterprises ltd,4.2819062413281396e-05
page industries ltd,4.28302369761223e-05
gmr airports infrastructure ltd,4.242676139336424e-05
piraeus financial holdings sa,4.2454531647937266e-05
bachem holding ag,4.2201226426692864e-05
china three gorges renewables(grou,4.224845486132836e-05
nomura real estate holdings inc,4.211835671516427e-05
zhaojin mining industry ltd h,4.2071452098505e-05
sk biopharmaceuticals ltd,4.195628051108293e-05
abu dhabi national oil company for,4.1779422294518e-05
telecom italia,4.1831037241818495e-05
wuxi apptec ltd a,4.173834567542728e-05
chow tai fook jewellery group ltd,4.1564928152677196e-05
coway ltd,4.1584206508850256e-05
orion corp,4.1590325889425336e-05
sibanye stillwater ltd,4.162428437219355e-05
henan shuanghui investment & devel,4.1512737863004276e-05
bilibili inc,4.120715471018111e-05
reinet investments s.c.a.,4.119259408783908e-05
seatrium,4.1212879717518e-05
china power international developm,4.108803367437843e-05
esr cayman ltd,4.106594916160519e-05
aac technologies holdings inc,4.103489357794924e-05
ana holdings inc,4.0966363691694335e-05
brookfield renewable subordinate v,4.089608614137513e-05
aeroports de paris sa,4.070703982029306e-05
china gas holdings ltd,4.0719033877388986e-05
al mouwasat medical services,4.0441190241585595e-05
charoen pokphand indonesia,4.0438342539184064e-05
hargreaves lansdown plc,4.0482612295148736e-05
east money information ltd a,4.035039715368747e-05
northam platinum hldgs ltd,4.0338380334850507e-05
union bank of india ltd,4.010134698736201e-05
public power corporation sa,3.994117892477703e-05
sona blw precision forgings ltd,3.985164636287362e-05
ningxia baofeng energy group ltd a,3.97184347459292e-05
wpg holdings ltd,3.97314400644371e-05
qinghai salt lake industry ltd a,3.96580934420256e-05
quebecor inc class b,3.965812702224014e-05
yapi ve kredi bankasi a,3.954355125866728e-05
gd power development ltd a,3.941513078370252e-05
try cash,3.942194730139282e-05
zhen ding technology holding ltd,3.946967310972357e-05
supreme industries ltd,3.9354508352868904e-05
merdeka copper gold,3.90448317678037e-05
ruentex development ltd,3.900793451521901e-05
banco del bajio institucion de ban,3.890815329024509e-05
hanmi pharm ltd,3.8978571971539025e-05
cosmoam&t ltd,3.887969956991703e-05
diasorin,3.882927969582402e-05
eregli demir ve celik fabrikalari,3.889348396167264e-05
mapletree logistics trust units,3.8745788556043924e-05
postal savings bank of china ltd h,3.87609933888293e-05
china coal energy ltd h,3.8650133188056345e-05
worldline sa,3.869459187874208e-05
yuhan corp,3.864541205939242e-05
inner mongolia yili industrial gro,3.8414622719657674e-05
zhangzhou pientzehuang pharmaceuti,3.834504286885071e-05
foshan hai tian flavouring & food,3.821543300600102e-05
hybe ltd,3.816801563664446e-05
nanya technology corp,3.802654374706733e-05
brilliance china automotive holdin,3.79642555985273e-05
haci omer sabanci holding a,3.78947463132077e-05
lg innotek ltd,3.787041847031677e-05
pop mart international group ltd,3.774093664992945e-05
ebos group ltd,3.7521304234220114e-05
nippon prologis reit inc,3.754027016351287e-05
oracle japan corp,3.752463907469121e-05
china feihe ltd,3.7300186507541594e-05
kimberly-clark de mexico class a,3.729700190887687e-05
beijing-shanghai high speed railwa,3.719510310575797e-05
bosideng international ltd,3.722800025332902e-05
genscript biotech corp,3.7171007440805906e-05
hang lung properties ltd,3.724893635139626e-05
oci nv,3.718775735202512e-05
singapore exchange ltd,3.706904092508631e-05
china cssc holdings ltd a,3.7007735580669265e-05
sirius xm holdings inc,3.7039939579031205e-05
guangdong haid group ltd a,3.689081235150221e-05
pharmaessentia corp,3.694292866040407e-05
azrieli group ltd,3.684535150001075e-05
gulf energy development pcl non-vo,3.682406768720683e-05
myr cash,3.666720487278452e-05
db insurance ltd,3.658116251608415e-05
hyundai motor s2 pref,3.66490726612786e-05
china resources mixc lifestyle ser,3.6490000086727735e-05
mesaieed petrochemical holding,3.6439624038700354e-05
haitong securities ltd class a,3.628841908141127e-05
xcmg construction machinery ltd a,3.612453317576212e-05
gedeon richter,3.586085010374001e-05
bank of baroda ltd,3.578266226556365e-05
empresas cmpc sa,3.5746219716078827e-05
yanbu national petrochemicals,3.576297702026245e-05
latam airlines group sa,3.560792560482442e-05
metropolitan bank and trust co,3.545161309076924e-05
seb sa,3.544712187000533e-05
alibaba health information tech lt,3.542719874099191e-05
jubilant foodworks ltd,3.5295222618262305e-05
nari technology ltd a,3.522674736632112e-05
idr cash,3.505185022814981e-05
ocado group plc,3.5044656413639805e-05
saic motor corp ltd a,3.4979364052721486e-05
travelsky technology ltd h,3.4665064216523884e-05
abb india ltd,3.446272177677521e-05
flat glass group ltd h,3.4511532264891974e-05
haitian international ltd,3.440946843403787e-05
miniso group holding ltd,3.438453678126013e-05
misc,3.440438023395452e-05
astral ltd,3.427316441063771e-05
s-oil corp,3.427407664927331e-05
china taiping insurance hldgs ltd,3.417354366309586e-05
luxshare precision industry ltd a,3.412657530129121e-05
nepi rockcastle nv,3.404412785789278e-05
china national nuclear power ltd a,3.3827637360027365e-05
hygeia healthcare holdings ltd,3.386948964730749e-05
ptt global chemical non-voting dr,3.388245284739162e-05
shandong gold mining ltd h,3.385814890126116e-05
sichuan chuantou energy ltd a,3.384144623139126e-05
doosan bobcat inc,3.371053544199033e-05
endeavour mining,3.377942384100463e-05
citic securities ltd a,3.367907694688695e-05
tata communications ltd,3.351501803769038e-05
aboitiz equity ventures php1 inc,3.348653984797944e-05
china merchants port holdings ltd,3.3438553394195425e-05
dar al arkan real estate developme,3.3413148264482885e-05
wens foodstuff group ltd,3.3314529105124345e-05
mrf ltd,3.3256315604766023e-05
beijing kingsoft office software i,3.3181367009793493e-05
brp subordinate voting inc,3.312641039145452e-05
idp education pty ltdinary,3.3055524491170765e-05
longi green energy technology ltd,3.307945454553981e-05
acciona sa,3.2899596687350515e-05
jardine cycle and carriage ltd,3.291430925914078e-05
gf securities ltd h,3.279802282700186e-05
indraprastha gas ltd,3.287893943594904e-05
kingboard holdings ltd,3.28819999800575e-05
mxn cash,3.268298440496771e-05
powerchip semiconductor manufactur,3.272833599805711e-05
ytl corporation,3.264201079655946e-05
kum yang ltd,3.2561605805290124e-05
vodacom group ltd,3.2480436526701905e-05
ppb group,3.215123005084204e-05
boc aviation ltd,3.205334956417468e-05
discovery ltd,3.206110108224162e-05
naura technology group ltd a,3.169174560492868e-05
rexel sa,3.1734397457158675e-05
ncsoft corp,3.1649413592994185e-05
parade technologies ltd,3.1606164209273134e-05
china pacific insurance (group) lt,3.143518521953219e-05
gjensidige forsikring,3.1406542564483064e-05
iqiyi ads representing inc,3.141801191538877e-05
multiply group,3.126309594560291e-05
hd hyundai ltd,3.1223373179735305e-05
orient overseas (international) lt,3.1142553323525624e-05
tbea ltd a,3.106920726351114e-05
sk telecom ltd,3.094736200724076e-05
china everbright bank ltd a,3.080913903409613e-05
chang hwa commercial bank ltd,3.061611195445776e-05
china airlines ltd,3.0640056232358605e-05
hd hyundai heavy industries ltd,3.0418203820895016e-05
ytl power international,3.0374249907094348e-05
zte corp h,3.04232214452656e-05
china construction bank corp a,3.030936615317141e-05
cnh cash,3.0247912857437637e-05
korean air lines ltd,3.029214789816834e-05
ayala corp,3.0223566792883398e-05
companhia siderurgica nacional sa,3.002279047544235e-05
s.f. holding ltd a,2.991472051032133e-05
industrivarden a,2.9788454026151985e-05
jiangsu expressway ltd h,2.982619180664009e-05
telekom malaysia,2.9494389735622714e-05
anglo american platinum ltd,2.9340128784528296e-05
petrochina ltd a,2.9227486214682485e-05
shanghai pharmaceuticals holding l,2.9279059616181622e-05
lotte chemical corp,2.8930114968348686e-05
united spirits ltd,2.895354707640006e-05
bank of communications ltd h,2.8838411339231398e-05
china eastern airlines corp ltd a,2.8706597411801113e-05
dukhan bank,2.8796205089495012e-05
international container terminal s,2.879007888857795e-05
mapletree pan asia commercial trus,2.8764048332482386e-05
zhongjin gold corp ltd a,2.871303604982388e-05
hdfc asset management company ltd,2.8636905449705425e-05
taiwan high speed rail corp,2.854215892552057e-05
guangdong investment ltd,2.8380432706214785e-05
inari amertron,2.8323499650930937e-05
city developments ltd,2.8276934773196126e-05
nan ya printed circuit board corp,2.827156089587962e-05
eneva sa,2.8161037601595252e-05
qifu technology adr inc,2.8131951624316774e-05
schroders plc,2.8095934748020413e-05
seven group holdings ltd,2.813233916698757e-05
autohome ads representing inc cla,2.8058093384227422e-05
the cooperative insurance,2.78511868779632e-05
cd projekt sa,2.772004332777559e-05
shaanxi coal industry ltd a,2.7773769012428284e-05
infrastrutture wireless italiane,2.7678823870068292e-05
ping an bank ltd a,2.7671869074289943e-05
qatar gas transport company ltd,2.7671251613493746e-05
exxaro resources ltd,2.7560543362169024e-05
ford otomotiv sanayi a,2.7568072365300368e-05
cia paranaense de energia copel pr,2.7409393601590676e-05
hanwha solutions corp,2.729407633289076e-05
zhejiang expressway ltd h,2.7225814485053513e-05
skc ltd,2.716398785995534e-05
true corporation non-voting dr pcl,2.7153417659172874e-05
zoomlion heavy industry science an,2.714129898512367e-05
rockwool international b,2.6920289954450176e-05
saudi kayan petrochemical,2.6800221381930096e-05
rhb bank,2.6681082697086515e-05
smoore international holdings ltd,2.6729674085551383e-05
enel chile sa,2.6113759328971562e-05
iida group holdings ltd,2.6019647331775984e-05
sany heavy equipment international,2.5954671958266494e-05
shandong weigao gp medical polymer,2.5996617000152602e-05
air china ltd h,2.5942532219892703e-05
sanan optoelectronics ltd a,2.585308160434718e-05
posco international corp,2.5693732453169412e-05
saudi industrial investment group,2.5671544367316698e-05
covivio sa,2.5617898921380036e-05
remgro ltd,2.5606510381812773e-05
falabella saci sa,2.5486314901849754e-05
saudi research and media group,2.5473789890844032e-05
shanghai electric group ltd a,2.5327539958024985e-05
volvo car class b,2.5271854912845905e-05
guangzhou automobile group ltd h,2.5232446854122872e-05
zhejiang nhu ltd a,2.516630941499801e-05
tsingtao brewery ltd h,2.512703907196601e-05
zhejiang leapmotor technology ltd,2.5084040087847144e-05
china literature ltd,2.493694165131246e-05
haitong securities company ltd h,2.498731939675629e-05
zai lab ltd,2.4951753808276096e-05
new china life insurance company l,2.4839457818147546e-05
tsingtao brewery ltd a,2.4812400059240966e-05
shanghai pudong development bank l,2.4494170121120085e-05
tata motors ltd class a dvr,2.4398408337391744e-05
semen indonesia (persero),2.4305115251603375e-05
engie brasil energia sa,2.4088191687585097e-05
saudi investment bank,2.384371242856797e-05
mbank sa,2.3532479956820822e-05
posco dx company ltd,2.3568527560445042e-05
barito pacific,2.3425138991162306e-05
haier smart home ltd a,2.3426253263256747e-05
country garden services holdings l,2.3379086855899383e-05
bandhan bank ltd,2.3231949153827605e-05
china national building material l,2.327113469761504e-05
kumho petro chemical ltd,2.3247259267334316e-05
chongqing zhifei biological produc,2.3011020361870146e-05
hyundai engineering & construction,2.294155661025802e-05
shanghai fosun pharmaceutical (gro,2.2815773276252134e-05
swire properties ltd,2.2745433698654806e-05
china state construction engineeri,2.26060162146997e-05
sany heavy industry ltd a,2.2664086303819023e-05
avichina industry & technology ltd,2.2391089006706034e-05
kuala lumpur kepong,2.243039689740788e-05
kumba iron ore ltd,2.2466929358837406e-05
pldt inc,2.2250447982029045e-05
ganfeng lithium ltd h,2.2005935705194395e-05
remy cointreau sa,2.191345755313253e-05
agility global plc,2.1782790895163406e-05
china medical system holdings ltd,2.1825957759904153e-05
shanghai fosun pharmaceutical (gro,2.1814289228426292e-05
yihai kerry arawana holdings ltd a,2.1835674334045438e-05
china ruyi holdings ltd,2.1742212795012777e-05
crrc corp ltd a,2.147921718687722e-05
energy absolute non-voting dr pcl,2.1477975444942828e-05
indah kiat pulp & paper,2.1504624596854024e-05
industrial bank of korea,2.1338384384817885e-05
china united network communication,2.117642312446115e-05
china resources microelectronics l,2.112830066262795e-05
fosun international ltd,2.1050664832460565e-05
china securities ltd a,2.0647701429777367e-05
hanwha ocean ltd,2.0469339118182933e-05
hua hong semiconductor ltd,2.04543476895015e-05
unilever indonesia,2.0466836277631407e-05
celltrion pharm inc,2.039885898223329e-05
topsports international holdings l,2.0247602795688783e-05
daewoo securities,2.0111289671682357e-05
sinotruk (hong kong) ltd,2.0021521506330982e-05
jg summit holdings inc,1.989622132248856e-05
shanghai baosight software ltd b,1.992765534820905e-05
sk ie technology ltd,1.984408965503547e-05
wan hai lines ltd,1.9834350319153152e-05
zhongan online p & c insurance cor,1.9924022877011857e-05
zhongsheng group holdings ltd,1.9711258760419855e-05
guangzhou baiyunshan pharmaceutica,1.9427093720807955e-05
inner mongolia yitai coal ltd b,1.951881840402443e-05
kwd cash,1.9516934169513938e-05
xinjiang daqo new energy ltd a,1.949902674298247e-05
sasa polyester sanayi a,1.938823882556413e-05
beijing enterprises water group lt,1.928744689134986e-05
far east horizon ltd,1.9244265803077317e-05
guangzhou automobile group ltd a,1.895292516039332e-05
orient securities ltd a,1.873248123646657e-05
new hope liuhe ltd a,1.8655903336438055e-05
mphasis ltd,1.8340531908966807e-05
cosco shipping ports ltd,1.820312784722939e-05
rongsheng petro chemical ltd a,1.8121338837806105e-05
china vanke ltd h,1.800254785747381e-05
sime darby plantation,1.7772941085282e-05
nzd cash,1.7242136527687195e-05
postal savings bank of china ltd a,1.7218939450461366e-05
china overseas property holdings l,1.7146577912437115e-05
netmarble corp,1.7003187062890117e-05
poly developments and holdings gro,1.7053356537380942e-05
eurazeo,1.6702700075737117e-05
hanjin kal,1.659718075491395e-05
kangwon land inc,1.646789698007935e-05
east buy holding ltd,1.622974822547698e-05
china communications services corp,1.607723435559903e-05
sharp corp,1.590949460906192e-05
national silicon industry group lt,1.584346813598095e-05
sk bioscience ltd,1.5297270373276715e-05
one communications ltd,1.5156012460425937e-05
beijing enterprises holdings ltd,1.4962092488609296e-05
dongfeng motor group ltd h,1.4562996587948842e-05
ils cash,1.4422747666471171e-05
shanghai united imaging healthcare,1.409973455195744e-05
china vanke ltd a,1.390400260853412e-05
magazine luiza sa,1.3850132940020013e-05
qar cash,1.3753983051223861e-05
compania sudamericana de vapores s,1.3662288522712824e-05
riocan real estate investment trus,1.3301239996984897e-05
genting malaysia,1.315599905553896e-05
yuexiu property company ltd,1.2762340767114988e-05
lg uplus corp,1.2532242868947497e-05
banco bradesco sa,1.2308823752328466e-05
atacadao carrefour sa,1.2106292377858726e-05
aneka tambang,1.2073254099312942e-05
anhui conch cement ltd a,1.1751492399962272e-05
enagas sa,1.1736250009281648e-05
kt corp,1.1706704216203158e-05
axiata group,1.156464730079952e-05
wuxi apptec ltd h,1.1492375684945372e-05
cp axtra non-voting dr pcl,1.0873107876456546e-05
thb cash,1.0519260558203032e-05
energisa units sa,1.0365710384907814e-05
country garden holdings ltd,9.4378512458073e-06
banco santander brasil units sa,8.956721623489022e-06
aed cash,8.628780230062239e-06
cgn power ltd a,8.166169229968873e-06
ganfeng lithium group ltd a,7.925258699048643e-06
mr d.i.y. group (m),7.90821002617406e-06
interconexion electrica sa,6.959166092955817e-06
samsung securities ltd,6.6973177573490396e-06
huf cash,4.543183386075005e-06
clp cash,3.705763360145873e-06
china cinda asset management ltd h,2.819113426766329e-06
czk cash,5.824308811643888e-07
rub cash,4.888361819587722e-07
egp cash,3.9522839383177483e-07
china minsheng banking corp ltd h,2.77731521242545e-07
cop cash,1.5031605178987186e-07
inter rao ees,7.26267321445789e-08
