Fund Name (AS CITED),ADAGE CAPITAL PARTNERS GP LLC
Internal Name,ADAGE CAPITAL PARTNERS GP LLC
Restricted y/n,n
Ammount of companies in fund (restricted),905
Filing Date (restricted),2026-02-17
Source,SEC EDGAR 13F-HR
Note:,
Restricted Data:,
Company,Index Weight
NVIDIA CORPORATION,0.0628243
APPLE INC,0.0544193
MICROSOFT CORP,0.0485055
AMAZON COM INC,0.0316658
ALPHABET INC,0.0248874
BROADCOM INC,0.0221150
META PLATFORMS INC,0.0201441
ALPHABET INC,0.0198472
TESLA INC,0.0168303
ELI LILLY & CO,0.0135368
BERKSHIRE HATHAWAY INC DEL,0.0125022
JPMORGAN CHASE & CO.,0.0118426
CONOCOPHILLIPS,0.0099698
VISA INC,0.0080006
JOHNSON & JOHNSON,0.0069247
ROYALTY PHARMA PLC,0.0068658
WALMART INC,0.0065308
MASTERCARD INCORPORATED,0.0063119
PROCTER AND GAMBLE CO,0.0061211
NETFLIX INC,0.0057268
PALANTIR TECHNOLOGIES INC,0.0055540
HOME DEPOT INC,0.0055288
ORACLE CORP,0.0055165
BANK AMERICA CORP,0.0054149
ABBVIE INC,0.0052172
COSTCO WHSL CORP NEW,0.0050843
BOEING CO,0.0050437
THERMO FISHER SCIENTIFIC INC,0.0049475
EXXON MOBIL CORP,0.0048477
MICRON TECHNOLOGY INC,0.0047981
DOVER CORP,0.0045980
CISCO SYS INC,0.0045556
ADVANCED MICRO DEVICES INC,0.0044883
UNITEDHEALTH GROUP INC,0.0043183
PRAXIS PRECISION MEDICINES I,0.0043059
MERCK & CO INC,0.0042818
CENTESSA PHARMACEUTICALS PLC,0.0042702
SALESFORCE INC,0.0042475
GE AEROSPACE,0.0041320
CHEVRON CORP NEW,0.0041061
INTERNATIONAL BUSINESS MACHS,0.0039624
WELLS FARGO CO NEW,0.0038044
COCA COLA CO,0.0036239
ROIVANT SCIENCES LTD,0.0035068
NORFOLK SOUTHN CORP,0.0034873
PHILIP MORRIS INTL INC,0.0034154
TERNS PHARMACEUTICALS INC,0.0033934
DISNEY WALT CO,0.0033777
LAM RESEARCH CORP,0.0033462
VIPER ENERGY INC,0.0033392
CATERPILLAR INC,0.0033325
HUBBELL INC,0.0032860
OVINTIV INC,0.0032396
AON PLC,0.0032394
ABBOTT LABS,0.0031878
RTX CORPORATION,0.0031722
WASTE MGMT INC DEL,0.0030548
BOSTON SCIENTIFIC CORP,0.0030050
FERGUSON ENTERPRISES INC,0.0029969
LINDE PLC,0.0029938
INTUITIVE SURGICAL INC,0.0029186
GOLDMAN SACHS GROUP INC,0.0028986
AVIDITY BIOSCIENCES INC,0.0028721
JOHNSON CTLS INTL PLC,0.0028187
REVOLUTION MEDICINES INC,0.0026587
SCHWAB CHARLES CORP,0.0025851
EDWARDS LIFESCIENCES CORP,0.0025219
WAVE LIFE SCIENCES LTD,0.0025178
MCDONALDS CORP,0.0025052
DANAHER CORPORATION,0.0025017
APPLIED MATLS INC,0.0024959
APPLOVIN CORP,0.0024923
VERIZON COMMUNICATIONS INC,0.0024877
MORGAN STANLEY,0.0024789
CITIGROUP INC,0.0024710
DEVON ENERGY CORP NEW,0.0024704
QUALCOMM INC,0.0024296
INTUIT,0.0024231
AT&T INC,0.0024088
SEMPRA,0.0023442
BOOKING HOLDINGS INC,0.0022977
GE VERNOVA INC,0.0022740
INTEL CORP,0.0022729
UBER TECHNOLOGIES INC,0.0022482
PEPSICO INC,0.0022435
AMPHENOL CORP NEW,0.0022347
S&P GLOBAL INC,0.0021720
ACCENTURE PLC IRELAND,0.0021717
MATADOR RES CO,0.0021620
AMERICAN EXPRESS CO,0.0021365
CSX CORP,0.0021027
EQUINIX INC,0.0020949
SERVICENOW INC,0.0020678
CVS HEALTH CORP,0.0020673
CAPITAL ONE FINL CORP,0.0020134
SOUTHWEST GAS HLDGS INC,0.0019964
PARKER-HANNIFIN CORP,0.0019577
ROSS STORES INC,0.0019427
KLA CORP,0.0019282
DOMINION ENERGY INC,0.0018993
VERTEX PHARMACEUTICALS INC,0.0018695
ADOBE INC,0.0018691
TJX COS INC NEW,0.0018657
MEDTRONIC PLC,0.0018519
TEXAS INSTRS INC,0.0018491
THE CIGNA GROUP,0.0018251
SEADRILL LTD,0.0018249
ARISTA NETWORKS INC,0.0018188
BLACKROCK INC,0.0018056
ANTERO RESOURCES CORP,0.0017931
CHORD ENERGY CORPORATION,0.0017451
LOWES COS INC,0.0017260
CHUBB LIMITED,0.0017236
WARNER BROS DISCOVERY INC,0.0017113
TRAVERE THERAPEUTICS INC,0.0016926
BLACK HILLS CORP,0.0016726
CRH PLC,0.0016623
EXACT SCIENCES CORP,0.0016405
ELECTRONIC ARTS INC,0.0016266
CUMMINS INC,0.0016197
DEXCOM INC,0.0015946
ANALOG DEVICES INC,0.0015655
GILEAD SCIENCES INC,0.0015625
NEXTERA ENERGY INC,0.0015602
VENTAS INC,0.0015529
BLACKSTONE INC,0.0015319
DYNE THERAPEUTICS INC,0.0015310
EATON CORP PLC,0.0015188
CONSTELLATION ENERGY CORP,0.0015076
JBT MAREL CORPORATION,0.0015058
CROWDSTRIKE HLDGS INC,0.0014728
UNUM GROUP,0.0014661
IDEAYA BIOSCIENCES INC,0.0014649
PROGRESSIVE CORP,0.0014647
PHILLIPS 66,0.0014428
TRAVELERS COMPANIES INC,0.0014399
TANGO THERAPEUTICS INC,0.0014224
LIBERTY BROADBAND CORP,0.0014151
JAZZ PHARMACEUTICALS PLC,0.0014099
SPIRE INC,0.0014058
GULFPORT ENERGY CORP,0.0014046
HESS MIDSTREAM LP,0.0013967
COMCAST CORP NEW,0.0013938
CENOVUS ENERGY INC,0.0013747
MCKESSON CORP,0.0013738
WELLTOWER INC,0.0013633
AMGEN INC,0.0013587
GENERAL DYNAMICS CORP,0.0013446
CBRE GROUP INC,0.0013374
EVERGY INC,0.0013251
ALTRIA GROUP INC,0.0013240
CORE NATURAL RESOURCES INC,0.0013060
EYEPOINT INC,0.0012996
MARRIOTT INTL INC NEW,0.0012880
NEWMONT CORP,0.0012789
DEERE & CO,0.0012761
HONEYWELL INTL INC,0.0012649
INTERCONTINENTAL EXCHANGE IN,0.0012617
RYAN SPECIALTY HOLDINGS INC,0.0012580
STARBUCKS CORP,0.0012522
PROLOGIS INC.,0.0012453
SILICON LABORATORIES INC,0.0012194
HOWMET AEROSPACE INC,0.0012194
ROBINHOOD MKTS INC,0.0012151
T-MOBILE US INC,0.0012130
VAXCYTE INC,0.0012046
KKR & CO INC,0.0011969
SYNOPSYS INC,0.0011953
NIKE INC,0.0011908
HOLOGIC INC,0.0011851
ACUITY INC,0.0011842
KENVUE INC,0.0011825
POOL CORP,0.0011761
DOORDASH INC,0.0011568
AMERICAN TOWER CORP NEW,0.0011229
ABIVAX SA,0.0011225
LOCKHEED MARTIN CORP,0.0011199
ALLEGRO MICROSYSTEMS INC,0.0011195
BANK NEW YORK MELLON CORP,0.0011060
MONDELEZ INTL INC,0.0011032
PUBLIC SVC ENTERPRISE GRP IN,0.0011032
ELEVANCE HEALTH INC FORMERLY,0.0010854
PACCAR INC,0.0010759
MONOLITHIC PWR SYS INC,0.0010679
CME GROUP INC,0.0010653
CYBERARK SOFTWARE LTD,0.0010536
MOODYS CORP,0.0010418
GENERAL MTRS CO,0.0010365
NABORS INDUSTRIES LTD,0.0010355
APPLIED INDL TECHNOLOGIES IN,0.0010281
TRANSDIGM GROUP INC,0.0010263
CADENCE DESIGN SYSTEM INC,0.0010206
AXSOME THERAPEUTICS INC,0.0010160
CONSOLIDATED EDISON INC,0.0010159
ASML HOLDING N V,0.0010120
RHYTHM PHARMACEUTICALS INC,0.0010069
TE CONNECTIVITY PLC,0.0010014
FREEPORT-MCMORAN INC,0.0009965
US BANCORP DEL,0.0009944
CENCORA INC,0.0009891
CORTEVA INC,0.0009841
NUVALENT INC,0.0009789
REGENERON PHARMACEUTICALS,0.0009631
TRANE TECHNOLOGIES PLC,0.0009516
AUTOMATIC DATA PROCESSING IN,0.0009467
OREILLY AUTOMOTIVE INC,0.0009454
CHARLES RIV LABS INTL INC,0.0009409
CORNING INC,0.0009333
UNITED PARCEL SERVICE INC,0.0009202
ECOLAB INC,0.0009143
PG&E CORP,0.0009082
PFIZER INC,0.0009069
VISTRA CORP,0.0009036
FOX CORP,0.0008932
ROYAL CARIBBEAN GROUP,0.0008919
CIDARA THERAPEUTICS INC,0.0008803
ASSURANT INC,0.0008757
MOTOROLA SOLUTIONS INC,0.0008735
NASDAQ INC,0.0008731
DIGITAL RLTY TR INC,0.0008698
TOLL BROTHERS INC,0.0008677
APTIV PLC,0.0008638
EMERSON ELEC CO,0.0008619
STANLEY BLACK & DECKER INC,0.0008609
FEDEX CORP,0.0008569
JABIL INC,0.0008517
OCULAR THERAPEUTIX INC,0.0008498
NISOURCE INC,0.0008443
ENTERGY CORP NEW,0.0008438
3M CO,0.0008396
TELEDYNE TECHNOLOGIES INC,0.0008378
ARMSTRONG WORLD INDS INC NEW,0.0008329
ROPER TECHNOLOGIES INC,0.0008308
RB GLOBAL INC,0.0008308
XYLEM INC,0.0008281
IRON MTN INC DEL,0.0008246
XCEL ENERGY INC,0.0008207
APOLLO GLOBAL MGMT INC,0.0008176
RIO TINTO PLC,0.0008171
CARVANA CO,0.0008156
BEACON FINANCIAL CORP.,0.0008129
FORTUNE BRANDS INNOVATIONS I,0.0007994
SLB LIMITED,0.0007979
NORTHWESTERN ENERGY GROUP IN,0.0007936
INSMED INC,0.0007902
TXNM ENERGY INC,0.0007871
BIOGEN INC,0.0007840
AUTOZONE INC,0.0007707
HUBSPOT INC,0.0007592
MAREX GROUP PLC,0.0007579
COUSINS PPTYS INC,0.0007550
NRG ENERGY INC,0.0007544
PNC FINL SVCS GROUP INC,0.0007533
IDACORP INC,0.0007518
L3HARRIS TECHNOLOGIES INC,0.0007511
AUTODESK INC,0.0007494
NORTHROP GRUMMAN CORP,0.0007486
MONSTER BEVERAGE CORP NEW,0.0007472
NEWAMSTERDAM PHARMA COMPANY,0.0007468
DARDEN RESTAURANTS INC,0.0007408
IDEX CORP,0.0007365
CINTAS CORP,0.0007355
TRIMBLE INC,0.0007338
AIR PRODS & CHEMS INC,0.0007325
ALLIANCE LAUNDRY HLDGS INC,0.0007300
GUARDANT HEALTH INC,0.0007187
HCA HEALTHCARE INC,0.0007186
METLIFE INC,0.0007164
AFLAC INC,0.0007107
PENUMBRA INC,0.0007058
COINBASE GLOBAL INC,0.0007050
ZIONS BANCORPORATION N A,0.0007020
CRANE COMPANY,0.0007006
SEAGATE TECHNOLOGY HLDNGS PL,0.0006969
XPLR INFRASTRUCTURE LP,0.0006962
PALO ALTO NETWORKS INC,0.0006935
AXALTA COATING SYS LTD,0.0006898
AMERICAN HEALTHCARE REIT INC,0.0006837
PERELLA WEINBERG PARTNERS,0.0006757
WESTERN DIGITAL CORP,0.0006743
QUANTA SVCS INC,0.0006740
JAMES HARDIE INDS PLC,0.0006722
AMERICAN FINL GROUP INC OHIO,0.0006634
INTERNATIONAL PAPER CO,0.0006633
UMB FINL CORP,0.0006620
ETORO GROUP LTD,0.0006594
ZEBRA TECHNOLOGIES CORPORATI,0.0006578
FEDERAL RLTY INVT TR NEW,0.0006547
WILLIAMS COS INC,0.0006493
METROPOLITAN BK HLDG CORP,0.0006466
AIRBNB INC,0.0006429
VALERO ENERGY CORP,0.0006415
MONOPAR THERAPEUTICS INC,0.0006320
NXP SEMICONDUCTORS N V,0.0006314
AMERICAN INTL GROUP INC,0.0006307
GALLAGHER ARTHUR J & CO,0.0006259
DAYFORCE INC,0.0006223
EXPAND ENERGY CORPORATION,0.0006180
SHAKE SHACK INC,0.0006179
DELTA AIR LINES INC DEL,0.0006151
UNITED RENTALS INC,0.0006145
ATLASSIAN CORPORATION,0.0006135
TECK RESOURCES LTD,0.0006133
AXON ENTERPRISE INC,0.0006120
TAKE-TWO INTERACTIVE SOFTWAR,0.0006074
FORTINET INC,0.0005957
KIMBERLY-CLARK CORP,0.0005949
WARRIOR MET COAL INC,0.0005938
PAYPAL HLDGS INC,0.0005926
MIAMI INTL HLDGS INC,0.0005920
BRIDGEBIO PHARMA INC,0.0005882
LEIDOS HOLDINGS INC,0.0005881
COHERENT CORP,0.0005866
STRYKER CORPORATION,0.0005836
TIMKEN CO,0.0005818
TENET HEALTHCARE CORP,0.0005770
WW GRAINGER INC,0.0005733
CHART INDS INC,0.0005730
ELEMENT SOLUTIONS INC,0.0005722
AMETEK INC,0.0005681
MIRUM PHARMACEUTICALS INC,0.0005588
LABCORP HOLDINGS INC,0.0005581
ARROWHEAD PHARMACEUTICALS IN,0.0005526
WAYSTAR HLDG CORP,0.0005479
FAIR ISAAC CORP,0.0005475
COGNIZANT TECHNOLOGY SOLUTIO,0.0005474
TARGA RES CORP,0.0005411
SHERWIN WILLIAMS CO,0.0005409
ULTA BEAUTY INC,0.0005352
IDEXX LABS INC,0.0005329
CROWN CASTLE INC,0.0005288
HASBRO INC,0.0005254
MACOM TECH SOLUTIONS HLDGS I,0.0005249
ALLSTATE CORP,0.0005236
SILICON MOTION TECHNOLOGY CO,0.0005214
KEURIG DR PEPPER INC,0.0005199
CHIPOTLE MEXICAN GRILL INC,0.0005195
MSCI INC,0.0005192
RADNET INC,0.0005147
NORTHPOINTE BANCSHARES INC.,0.0005125
NUCOR CORP,0.0005100
AMYLYX PHARMACEUTICALS INC,0.0005077
KYMERA THERAPEUTICS INC,0.0005064
SHELL PLC,0.0005060
GLOBALFOUNDRIES INC,0.0005021
DATADOG INC,0.0005018
REMITLY GLOBAL INC,0.0005012
BUILDERS FIRSTSOURCE INC,0.0005011
TRUIST FINL CORP,0.0004961
FISERV INC,0.0004933
STATE STR CORP,0.0004923
CIVITAS RESOURCES INC,0.0004920
WORKDAY INC,0.0004905
BLOCK INC,0.0004860
MEIRAGTX HLDGS PLC,0.0004813
ARCH CAP GROUP LTD,0.0004732
FIDELITY NATL INFORMATION SV,0.0004701
CANADIAN NATL RY CO,0.0004675
BRIGHT MINDS BIOSCIENCES INC,0.0004674
ROCKWELL AUTOMATION INC,0.0004665
EXTRA SPACE STORAGE INC,0.0004663
XENON PHARMACEUTICALS INC,0.0004647
AMALGAMATED FINANCIAL CORP,0.0004624
ESSENTIAL PPTYS RLTY TR INC,0.0004623
ZOOMINFO TECHNOLOGIES INC,0.0004617
FINANCIAL INSTNS INC,0.0004585
YUM BRANDS INC,0.0004584
BAIN CAP GSS INVT CORP,0.0004577
BEST BUY INC,0.0004562
MONRO INC,0.0004549
CARNIVAL CORP,0.0004531
GARMIN LTD,0.0004530
SOMNIGROUP INTERNATIONAL INC,0.0004499
BXP INC,0.0004494
BARRICK MNG CORP,0.0004482
GATES INDL CORP PLC,0.0004435
TARGET CORP,0.0004405
KLARNA GROUP PLC,0.0004388
ATAI BECKLEY NV,0.0004382
CARETRUST REIT INC,0.0004378
AXIS CAP HLDGS LTD,0.0004376
COTERRA ENERGY INC,0.0004371
NEWS CORP NEW,0.0004354
JEFFERSON CAPITAL INC,0.0004353
BENITEC BIOPHARMA INC,0.0004323
GLAUKOS CORP,0.0004272
EBAY INC.,0.0004259
CHAMPION HOMES INC,0.0004259
ASTERA LABS INC,0.0004248
CARRIER GLOBAL CORPORATION,0.0004226
MARATHON PETE CORP,0.0004218
OTTER TAIL CORP,0.0004209
PHILLIPS EDISON & CO INC,0.0004207
ANNEXON INC,0.0004179
CHURCHILL CAP CORP XI,0.0004172
EQT CORP,0.0004165
KROGER CO,0.0004155
ASTRAZENECA PLC,0.0004145
TERADYNE INC,0.0004143
COLGATE PALMOLIVE CO,0.0004134
CRANE HBR ACQUISITION CORP I,0.0004115
KARBON CAP PARTNERS CORP,0.0004113
OLD DOMINION FREIGHT LINE IN,0.0004074
AMERIPRISE FINL INC,0.0004072
DELL TECHNOLOGIES INC,0.0004041
FORD MTR CO,0.0004037
AURA BIOSCIENCES INC,0.0004026
KEYSIGHT TECHNOLOGIES INC,0.0004002
EQUITY RESIDENTIAL,0.0003993
INTERACTIVE BROKERS GROUP IN,0.0003914
COSTAR GROUP INC,0.0003893
BJS WHSL CLUB HLDGS INC,0.0003883
FIRST SOLAR INC,0.0003831
STEEL DYNAMICS INC,0.0003819
SANDISK CORP,0.0003797
ARCHER DANIELS MIDLAND CO,0.0003775
VERISK ANALYTICS INC,0.0003751
BORGWARNER INC,0.0003751
TIC SOLUTIONS INC,0.0003741
EMCOR GROUP INC,0.0003741
VIRIDIAN THERAPEUTICS INC,0.0003721
ARES MANAGEMENT CORPORATION,0.0003718
KEMPER CORP,0.0003681
HUMANA INC,0.0003667
SIMPSON MFG INC,0.0003666
NOVO-NORDISK A S,0.0003658
EQUIFAX INC,0.0003629
OMNICOM GROUP INC,0.0003623
COMPASS THERAPEUTICS INC,0.0003606
AMICUS THERAPEUTICS INC,0.0003556
REALTY INCOME CORP,0.0003553
SELECTIVE INS GROUP INC,0.0003546
MDU RES GROUP INC,0.0003545
SAFETY INS GROUP INC,0.0003537
BRISTOL-MYERS SQUIBB CO,0.0003536
SAUL CTRS INC,0.0003531
CF INDS HLDGS INC,0.0003521
QORVO INC,0.0003517
SIMON PPTY GROUP INC NEW,0.0003506
COMFORT SYS USA INC,0.0003503
SHATTUCK LABS INC,0.0003484
ALBEMARLE CORP,0.0003452
EVERSOURCE ENERGY,0.0003452
WILLSCOT HLDGS CORP,0.0003443
KINDER MORGAN INC DEL,0.0003443
CENTERPOINT ENERGY INC,0.0003420
VICI PPTYS INC,0.0003404
SABRA HEALTH CARE REIT INC,0.0003397
GENERAL MLS INC,0.0003389
LIBERTY LIVE HOLDINGS INC,0.0003383
LULULEMON ATHLETICA INC,0.0003378
APEX TREAS CORP,0.0003368
IRHYTHM TECHNOLOGIES INC,0.0003357
BIO-TECHNE CORP,0.0003322
KODIAK SCIENCES INC,0.0003322
IMMUNOVANT INC,0.0003320
NEWMARK GROUP INC,0.0003320
CHIME FINL INC,0.0003309
WILLIS TOWERS WATSON PLC LTD,0.0003307
BETA TECHNOLOGIES INC,0.0003290
ADVANCED DRAIN SYS INC DEL,0.0003288
FOUR CORNERS PPTY TR INC,0.0003281
CRANE NXT CO,0.0003273
UNIVERSAL DISPLAY CORP,0.0003270
HEWLETT PACKARD ENTERPRISE C,0.0003240
NOVA LTD,0.0003230
DOLLAR GEN CORP NEW,0.0003189
SOUTHSTATE BK CORP,0.0003188
ARBUTUS BIOPHARMA CORP,0.0003159
EDISON INTL,0.0003156
CONFLUENT INC,0.0003143
RELMADA THERAPEUTICS INC,0.0003121
CROWN HLDGS INC,0.0003117
PENTAIR PLC,0.0003116
LXP INDUSTRIAL TRUST,0.0003114
MIDDLEBY CORP,0.0003105
TALON CAP CORP,0.0003098
FIVE STAR BANCORP,0.0003086
PROTAGONIST THERAPEUTICS INC,0.0003078
VIKING HOLDINGS LTD,0.0003069
STARWOOD PPTY TR INC,0.0003066
LENNAR CORP,0.0003031
RALPH LAUREN CORP,0.0003025
IQVIA HLDGS INC,0.0003018
ALLY FINL INC,0.0003016
KYNDRYL HLDGS INC,0.0003015
PAYCHEX INC,0.0003013
NATIONAL HEALTH INVS INC,0.0003005
UNION PAC CORP,0.0002952
PULTE GROUP INC,0.0002946
LUMEXA IMAGING HOLDINGS INC,0.0002931
CABALETTA BIO INC,0.0002927
SOUTHWEST AIRLS CO,0.0002920
FULCRUM THERAPEUTICS INC,0.0002910
TOPBUILD CORP,0.0002904
THIRD COAST BANCSHARES INC,0.0002900
AVALONBAY CMNTYS INC,0.0002895
CUBESMART,0.0002892
STELLANTIS N.V,0.0002884
CORPAY INC,0.0002876
WHEATON PRECIOUS METALS CORP,0.0002846
ATKORE INC,0.0002843
FRESHPET INC,0.0002840
BP PLC,0.0002838
HERSHEY CO,0.0002831
EVOLUTION GLOBAL ACQUISITION,0.0002823
GOLAR LNG LTD,0.0002816
TRACTOR SUPPLY CO,0.0002816
ELANCO ANIMAL HEALTH INC,0.0002792
EXPEDIA GROUP INC,0.0002791
VERISIGN INC,0.0002770
BANK OF NT BUTTERFIELD&SON L,0.0002765
SMURFIT WESTROCK PLC,0.0002759
BROADRIDGE FINL SOLUTIONS IN,0.0002749
SAFEGUARD ACQUISITION CORP,0.0002747
COMERICA INC,0.0002745
APOGEE THERAPEUTICS INC,0.0002742
DAEDALUS SPL ACQUISITION COR,0.0002735
STIFEL FINL CORP,0.0002729
EXPEDITORS INTL WASH INC,0.0002729
GENERAL PURP ACQUISITION COR,0.0002727
RAYMOND JAMES FINL INC,0.0002726
HIGHVIEW MERGER CORP,0.0002724
OTG ACQUISITION CORP. I,0.0002724
ACTIVATE ENERGY ACQUISITION,0.0002723
SILA REALTY TRUST INC,0.0002722
HUNTINGTON BANCSHARES INC,0.0002718
LAS VEGAS SANDS CORP,0.0002706
WEST PHARMACEUTICAL SVSC INC,0.0002703
VIKING ACQUISITION CORP I,0.0002697
DOXIMITY INC,0.0002681
KNIGHT-SWIFT TRANSN HLDGS IN,0.0002670
TYLER TECHNOLOGIES INC,0.0002666
SILVERBOX CORP V,0.0002664
SELECT MED HLDGS CORP,0.0002664
REPLIMUNE GROUP INC,0.0002659
CONSTELLATION BRANDS INC,0.0002657
BRIDGEBIO ONCOLOGY THERAPEUT,0.0002653
ZYMEWORKS INC,0.0002644
AMCOR PLC,0.0002630
KEYCORP,0.0002623
IAMGOLD CORP,0.0002620
NORTHERN TR CORP,0.0002598
UNITED AIRLS HLDGS INC,0.0002578
SUNSTONE HOTEL INVS INC NEW,0.0002571
DIGITALBRIDGE GROUP INC,0.0002554
UDR INC,0.0002537
NETAPP INC,0.0002515
MOELIS & CO,0.0002496
GARTNER INC,0.0002486
HORIZON BANCORP INC,0.0002473
HALL CHADWICK ACQUISITION CO,0.0002457
GEO GROUP INC NEW,0.0002440
KOSMOS ENERGY LTD,0.0002418
PATRIA INVESTMENTS LIMITED,0.0002405
HUNTINGTON INGALLS INDS INC,0.0002400
FORTIVE CORP,0.0002396
VINE HILL CAP INVTS CORP II,0.0002389
GLOBAL PMTS INC,0.0002386
KRAFT HEINZ CO,0.0002376
HAMILTON LANE INC,0.0002373
KYVERNA THERAPEUTICS INC,0.0002371
INTERNATIONAL FLAVORS&FRAGRA,0.0002358
DYNAMIX CORP III,0.0002357
MCCORMICK & CO INC,0.0002357
GENUINE PARTS CO,0.0002337
MIND MEDICINE MINDMED INC,0.0002330
RICE ACQUISITION CORP 3,0.0002327
WABTEC,0.0002313
NOBLE CORP PLC,0.0002287
THE TRADE DESK INC,0.0002284
BAKER HUGHES COMPANY,0.0002281
LOEWS CORP,0.0002279
EQV VENTURES AC CORP. II,0.0002277
DOW INC,0.0002271
CARDINAL INFRASTRUCTURE GROU,0.0002269
TYSON FOODS INC,0.0002267
EASTGROUP PPTYS INC,0.0002254
LAUDER ESTEE COS INC,0.0002250
COOPER COS INC,0.0002226
PINNACLE WEST CAP CORP,0.0002215
OLD NATL BANCORP IND,0.0002212
WINTRUST FINL CORP,0.0002205
MERIT MED SYS INC,0.0002201
HERON THERAPEUTICS INC,0.0002201
ZURA BIO LTD,0.0002181
JACOBS SOLUTIONS INC,0.0002164
LPL FINL HLDGS INC,0.0002162
KIMBELL RTY PARTNERS LP,0.0002155
BIOAGE LABS INC,0.0002102
NOVARTIS AG,0.0002090
MADRIGAL PHARMACEUTICALS INC,0.0002047
RPM INTL INC,0.0002046
NEW GOLD INC CDA,0.0002043
GALATA ACQUISITION CORP II,0.0002035
SYSCO CORP,0.0002033
TWELVE SEAS INVT CO III,0.0002033
QNITY ELECTRONICS INC,0.0002028
DUPONT DE NEMOURS INC,0.0002027
INSIGHT DIGITAL PARTNERS II,0.0002025
CAMP4 THERAPEUTICS CORP,0.0002024
DIME CMNTY BANCSHARES INC,0.0002016
F5 INC,0.0002013
TAILWIND 2.0 ACQUISITION COR,0.0002012
INVEST GREEN ACQUISITION COR,0.0002010
STEPSTONE GROUP INC,0.0001978
FRONTIER COMMUNICATIONS PARE,0.0001976
ADDUS HOMECARE CORP,0.0001963
TEGNA INC,0.0001960
EVEREST GROUP LTD,0.0001945
CANTOR EQUITY PARTNERS IV IN,0.0001945
SL GREEN RLTY CORP,0.0001944
T1 ENERGY INC,0.0001939
FIRST INDL RLTY TR INC,0.0001939
PTC INC,0.0001927
SKYWARD SPECIALTY INS GROUP,0.0001924
PROQR THRAPEUTICS N V,0.0001912
HARTFORD INSURANCE GROUP INC,0.0001909
TKO GROUP HOLDINGS INC,0.0001895
LAUNCHPAD CADENZA ACQUISITIO,0.0001888
AMERICAN DRIVE ACQUISITION C,0.0001886
HANOVER INS GROUP INC,0.0001881
REGENCY CTRS CORP,0.0001866
PROCEPT BIOROBOTICS CORP,0.0001853
WEALTHFRONT CORP,0.0001834
TAPESTRY INC,0.0001833
TRAILBLAZER ACQUISITION CORP,0.0001818
KEARNY FINL CORP MD,0.0001809
PRICE T ROWE GROUP INC,0.0001798
NETSTREIT CORP,0.0001789
SUPER MICRO COMPUTER INC,0.0001784
WILLIAMS SONOMA INC,0.0001784
ASTRIA THERAPEUTICS INC,0.0001783
DOMINOS PIZZA INC,0.0001769
FIRSTENERGY CORP,0.0001764
ON SEMICONDUCTOR CORP,0.0001748
TEREX CORP NEW,0.0001737
LADDER CAP CORP,0.0001731
MINERVA NEUROSCIENCES INC,0.0001727
LEAPFROG ACQUISITION CORP,0.0001703
WESCO INTL INC,0.0001703
CLOROX CO DEL,0.0001681
IONIS PHARMACEUTICALS INC,0.0001676
HP INC,0.0001665
CERIBELL INC,0.0001659
BUNGE GLOBAL SA,0.0001647
CENTRAL BANCOMPANY,0.0001632
FIRST HORIZON CORPORATION,0.0001627
MANNKIND CORP,0.0001625
PTC THERAPEUTICS INC,0.0001621
AGILENT TECHNOLOGIES INC,0.0001617
WEYERHAEUSER CO MTN BE,0.0001616
DOLLAR TREE INC,0.0001605
PALISADE BIO INC,0.0001600
CDW CORP,0.0001597
ONEOK INC NEW,0.0001592
D R HORTON INC,0.0001575
KIMCO RLTY CORP,0.0001569
CENTENE CORP DEL,0.0001557
GODADDY INC,0.0001540
NAPCO SEC TECHNOLOGIES INC,0.0001537
VIA TRANSN INC,0.0001537
ACLARIS THERAPEUTICS INC,0.0001536
GLOBE LIFE INC,0.0001522
BTC DEV CORP,0.0001515
M3-BRIGADE ACQUISITION VI CO,0.0001513
AVALO THERAPEUTICS INC,0.0001512
SYLVAMO CORP,0.0001457
BRIGHTHOUSE FINL INC,0.0001452
FULLER H B CO,0.0001440
INVESCO LTD,0.0001439
DECKERS OUTDOOR CORP,0.0001437
HOST HOTELS & RESORTS INC,0.0001434
LAMB WESTON HLDGS INC,0.0001432
ZSCALER INC,0.0001430
SMUCKER J M CO,0.0001426
VELOCITY FINL INC,0.0001414
AMER SPORTS INC,0.0001413
RAPT THERAPEUTICS INC,0.0001410
REGAL REXNORD CORPORATION,0.0001409
4D MOLECULAR THERAPEUTICS IN,0.0001402
AES CORP,0.0001395
SAMSARA INC,0.0001395
NEPTUNE INS HLDGS INC,0.0001390
NORWEGIAN CRUISE LINE HLDG L,0.0001388
WYNN RESORTS LTD,0.0001388
LIFEZONE METALS LIMITED,0.0001388
HILTON WORLDWIDE HLDGS INC,0.0001382
HEALTHPEAK PROPERTIES INC,0.0001381
FORTE BIOSCIENCES INC,0.0001376
INVIVYD INC,0.0001369
ALMONTY INDS INC,0.0001367
CAMDEN PPTY TR,0.0001351
LIFESTANCE HEALTH GROUP INC,0.0001350
BAXTER INTL INC,0.0001342
METTLER TOLEDO INTERNATIONAL,0.0001320
ALBERTSONS COS INC,0.0001304
CANTALOUPE INC,0.0001295
MAMMOTH ENERGY SVCS INC,0.0001281
VERALTO CORP,0.0001271
GEN DIGITAL INC,0.0001262
CINCINNATI FINL CORP,0.0001258
EQUILLIUM INC,0.0001250
SNOWFLAKE INC,0.0001245
HELIX ENERGY SOLUTIONS GRP I,0.0001234
SOLID BIOSCIENCES INC,0.0001195
BRIXMOR PPTY GROUP INC,0.0001190
CHEWY INC,0.0001190
IMMIX BIOPHARMA INC,0.0001187
SHARKNINJA INC,0.0001185
XENIA HOTELS & RESORTS INC,0.0001177
PENN ENTERTAINMENT INC,0.0001177
BRUKER CORP,0.0001176
ALIGN TECHNOLOGY INC,0.0001163
TAIWAN SEMICONDUCTOR MFG LTD,0.0001150
QUINCE THERAPEUTICS INC,0.0001141
FASTENAL CO,0.0001133
TAYSHA GENE THERAPIES INC,0.0001105
OLIN CORP,0.0001103
GENERAC HLDGS INC,0.0001093
MOLSON COORS BEVERAGE CO,0.0001080
RYMAN HOSPITALITY PPTYS INC,0.0001074
PAYCOM SOFTWARE INC,0.0001064
FACTSET RESH SYS INC,0.0001045
MOSAIC CO NEW,0.0001045
AUTONATION INC,0.0001031
MGM RESORTS INTERNATIONAL,0.0001023
HBT FINL INC.,0.0001008
AEVA TECHNOLOGIES INC,0.0001005
FERMI INC,0.0000993
SYNCHRONY FINANCIAL,0.0000989
ULTRAGENYX PHARMACEUTICAL IN,0.0000975
BOOZ ALLEN HAMILTON HLDG COR,0.0000956
HORMEL FOODS CORP,0.0000944
SUNOCOCORP LLC,0.0000944
ATLAS ENERGY SOLUTIONS INC,0.0000928
EPAM SYS INC,0.0000927
TEXTRON INC,0.0000912
BORR DRILLING LTD,0.0000907
ITHAX ACQUISITION CORP III,0.0000906
AVIDBANK HLDGS INC,0.0000886
AVEANNA HEALTHCARE HLDGS INC,0.0000874
CYBIN INC,0.0000867
OVID THERAPEUTICS INC,0.0000861
MILESTONE PHARMACEUTICALS IN,0.0000859
CONSTELLIUM SE,0.0000856
CHATHAM LODGING TR,0.0000850
INVITATION HOMES INC,0.0000848
CONAGRA BRANDS INC,0.0000846
PROTARA THERAPEUTICS INC,0.0000842
JANUX THERAPEUTICS INC,0.0000835
ASSEMBLY BIOSCIENCES INC,0.0000829
VERTICAL AEROSPACE LTD,0.0000815
DYNAMIX CORP,0.0000808
GE HEALTHCARE TECHNOLOGIES I,0.0000805
ALLIANT ENERGY CORP,0.0000798
OLEMA PHARMACEUTICALS INC,0.0000795
EMPIRE ST RLTY TR INC,0.0000775
NAVIGATOR HLDGS LTD,0.0000764
PHREESIA INC,0.0000763
MESHFLOW ACQUISITION CORP,0.0000757
CORE SCIENTIFIC INC NEW,0.0000756
CBOE GLOBAL MKTS INC,0.0000750
LANDBRIDGE COMPANY LLC,0.0000741
PRINCIPAL FINANCIAL GROUP IN,0.0000741
COMPOSECURE INC,0.0000729
OLD SECOND BANCORP INC ILL,0.0000718
ARTESIAN RES CORP,0.0000718
LIVE NATION ENTERTAINMENT IN,0.0000714
CENTURY ALUM CO,0.0000712
MODINE MFG CO,0.0000707
RAPPORT THERAPEUTICS INC,0.0000689
BLUEROCK ACQUISITION CORP,0.0000681
ORIC PHARMACEUTICALS INC,0.0000680
INOVIO PHARMACEUTICALS INC,0.0000672
NORDSON CORP,0.0000662
ATRICURE INC,0.0000660
TOMPKINS FINL CORP,0.0000659
POWER SOLUTIONS INTL INC,0.0000649
RELAY THERAPEUTICS INC,0.0000640
BROWN FORMAN CORP,0.0000627
SIRIUSXM HOLDINGS INC,0.0000625
TANDEM DIABETES CARE INC,0.0000609
FRANKLIN RESOURCES INC,0.0000606
NOVABRIDGE BIOSCIENCES,0.0000602
AVERY DENNISON CORP,0.0000600
AKAMAI TECHNOLOGIES INC,0.0000593
PAPA JOHNS INTL INC,0.0000583
SHUTTERSTOCK INC,0.0000570
PARAMOUNT SKYDANCE CORP,0.0000569
CAPRICOR THERAPEUTICS INC,0.0000568
STAAR SURGICAL CO,0.0000558
ICU MED INC,0.0000540
COGENT BIOSCIENCES INC,0.0000538
SUNCOR ENERGY INC NEW,0.0000537
PRECIGEN INC,0.0000535
NET POWER INC,0.0000531
VULCAN MATLS CO,0.0000531
FORWARD AIR CORP,0.0000518
VENTYX BIOSCIENCES INC,0.0000512
HALLIBURTON CO,0.0000508
ATMOS ENERGY CORP,0.0000505
JANUS HENDERSON GROUP PLC,0.0000504
NEWS CORP NEW,0.0000500
CARDINAL HEALTH INC,0.0000487
NEXTDOOR HOLDINGS INC,0.0000477
HARMONY BIOSCIENCES HLDGS IN,0.0000476
COHEN & STEERS INC,0.0000475
KARYOPHARM THERAPEUTICS INC,0.0000469
HUNT J B TRANS SVCS INC,0.0000459
BATH & BODY WORKS INC,0.0000456
DXP ENTERPRISES INC,0.0000449
CONCENTRA GROUP HOLDINGS PAR,0.0000445
HIGHWOODS PPTYS INC,0.0000428
INGERSOLL RAND INC,0.0000415
SCHNEIDER NATIONAL INC,0.0000412
PASITHEA THERAPEUTICS CORP,0.0000410
ALIGNMENT HEALTHCARE INC,0.0000406
ARCHER AVIATION INC,0.0000398
PPL CORP,0.0000398
TWO HBRS INVT CORP,0.0000397
CANTOR EQUITY PARTNERS V INC,0.0000388
C H ROBINSON WORLDWIDE INC,0.0000385
ZEVRA THERAPEUTICS INC,0.0000373
SUTRO BIOPHARMA INC,0.0000350
ADICET BIO INC,0.0000350
SOLARIS ENERGY INFRAS INC,0.0000348
GAP INC,0.0000341
OPUS GENETICS INC,0.0000336
COMMUNITY FINANCIAL SYSTEM I,0.0000332
MOLINA HEALTHCARE INC,0.0000326
STERIS PLC,0.0000325
MEDLINE INC,0.0000324
INDEPENDENT BK CORP MASS,0.0000321
COPART INC,0.0000319
FLOWCO HLDGS INC,0.0000312
MATCH GROUP INC NEW,0.0000308
SURROZEN INC,0.0000303
DICKS SPORTING GOODS INC,0.0000300
PEAPACK-GLADSTONE FINL CORP,0.0000297
ASTEC INDS INC,0.0000295
CROSS CTRY HEALTHCARE INC,0.0000282
MOOG INC,0.0000278
CENTURY THERAPEUTICS INC,0.0000277
PRIVIA HEALTH GROUP INC,0.0000267
BIOHAVEN LTD,0.0000256
SI-BONE INC,0.0000224
RENEW ENERGY GLOBAL PLC,0.0000214
ADAGIO MED HLDGS INC,0.0000198
ATI INC,0.0000182
PACKAGING CORP AMER,0.0000178
OMADA HEALTH INC,0.0000174
MIDWESTONE FINL GROUP INC NE,0.0000158
TENAX THERAPEUTICS INC,0.0000154
INSULET CORP,0.0000151
TRAWS PHARMA INC,0.0000125
SCHMID GROUP N.V.,0.0000117
AMERICAN AIRLS GROUP INC,0.0000116
IMMUNIC INC,0.0000113
PEPGEN INC,0.0000099
EVOLENT HEALTH INC,0.0000097
PROPETRO HLDG CORP,0.0000072
REVOLUTION MEDICINES INC,0.0000071
IMAGENEBIO INC,0.0000070
EVOLUTION GLOBAL ACQUISITION,0.0000063
OSCAR HEALTH INC,0.0000054
PALLADYNE AI CORP,0.0000054
SELECT WATER SOLUTIONS INC,0.0000048
APEX TREAS CORP,0.0000047
BAIN CAP GSS INVT CORP,0.0000046
LIFEZONE METALS LIMITED,0.0000045
OTG ACQUISITION CORP. I,0.0000044
DYNAMIX CORP III,0.0000043
OPAL FUELS INC,0.0000041
INVEST GREEN ACQUISITION COR,0.0000039
VIKING ACQUISITION CORP I,0.0000038
ACADIA PHARMACEUTICALS INC,0.0000037
HIGHVIEW MERGER CORP,0.0000037
VERIS RESIDENTIAL INC,0.0000035
INSIGHT DIGITAL PARTNERS II,0.0000034
TAILWIND 2.0 ACQUISITION COR,0.0000031
BLUE GOLD LTD,0.0000031
KLX ENERGY SERVICS HOLDNGS I,0.0000029
LIBERTY ENERGY INC,0.0000028
GALATA ACQUISITION CORP II,0.0000027
EQV VENTURES AC CORP. II,0.0000023
RICE ACQUISITION CORP 3,0.0000022
ENSYSCE BIOSCIENCES INC,0.0000021
KOSMOS ENERGY LTD,0.0000021
TALON CAP CORP,0.0000020
TRAILBLAZER ACQUISITION CORP,0.0000019
APPLIED THERAPEUTICS INC,0.0000018
COMTECH TELECOMMUNICATIONS C,0.0000015
NUVATION BIO INC,0.0000013
M3-BRIGADE ACQUISITION VI CO,0.0000012
BTC DEV CORP,0.0000009
BRIDGER AEROSPACE GRP HLDGS,0.0000006
ZEO ENERGY CORP,0.0000004
BAIRD MED INVT HLDGS LTD,0.0000003
CLEANSPARK INC,0.0000003
ASPIRE BIOPHARMA HLDGS INC,0.0000003
PALLADYNE AI CORP,0.0000002
BOREALIS FOODS INC,0.0000002
CLASSOVER HLDGS INC,0.0000000
LANVIN GROUP HOLDINGS LIMITE,0.0000000
