name,ticker,weight
NVIDIA CORP,NVDA,0.0471
APPLE INC,AAPL,0.041100000000000005
MICROSOFT CORP,MSFT,0.0288
AMAZON COM INC,AMZN,0.022099999999999998
ALPHABET INC CLASS A,GOOGL,0.018799999999999997
ALPHABET INC CLASS C,GOOG,0.015700000000000002
BROADCOM INC,AVGO,0.0155
TAIWAN SEMICONDUCTOR MANUFACTURING,2330,0.0152
META PLATFORMS INC CLASS A,META,0.0137
TESLA INC,TSLA,0.0111
JPMORGAN CHASE & CO,JPM,0.0087
ELI LILLY,LLY,0.008199999999999999
EXXON MOBIL CORP,XOM,0.0074
BERKSHIRE HATHAWAY INC CLASS B,BRKB,0.0072
JOHNSON & JOHNSON,JNJ,0.0064
SAMSUNG ELECTRONICS LTD,005930,0.0060999999999999995
WALMART INC,WMT,0.006
ASML HOLDING NV,ASML,0.005699999999999999
VISA INC CLASS A,V,0.0055000000000000005
COSTCO WHOLESALE CORP,COST,0.0049
NETFLIX INC,NFLX,0.0046
MASTERCARD INC CLASS A,MA,0.0046
MICRON TECHNOLOGY INC,MU,0.0045000000000000005
TENCENT HOLDINGS LTD,700,0.0044
CHEVRON CORP,CVX,0.0042
ABBVIE INC,ABBV,0.004
ADVANCED MICRO DEVICES INC,AMD,0.0039000000000000003
PALANTIR TECHNOLOGIES INC CLASS A,PLTR,0.0037
BANK OF AMERICA CORP,BAC,0.0037
CATERPILLAR INC,CAT,0.0037
PROCTER & GAMBLE,PG,0.0037
HOME DEPOT INC,HD,0.0034999999999999996
COCA-COLA,KO,0.0034000000000000002
ASTRAZENECA PLC,AZN,0.0034000000000000002
CISCO SYSTEMS INC,CSCO,0.0034000000000000002
MERCK & CO INC,MRK,0.0033
SK HYNIX INC,000660,0.0033
GE AEROSPACE,GE,0.0032
HSBC HOLDINGS PLC,HSBA,0.0032
NOVARTIS AG,NOVN,0.0032
ROCHE PS PAR AG,ROP,0.0031
APPLIED MATERIAL INC,AMAT,0.003
SHELL PLC,SHEL,0.003
LAM RESEARCH CORP,LRCX,0.003
RTX CORP,RTX,0.0029
ALIBABA GROUP HOLDING LTD,9988,0.0028000000000000004
GOLDMAN SACHS GROUP INC,GS,0.0028000000000000004
NESTLE SA,NESN,0.0028000000000000004
WELLS FARGO,WFC,0.0028000000000000004
UNITEDHEALTH GROUP INC,UNH,0.0027
ORACLE CORP,ORCL,0.0027
PHILIP MORRIS INTERNATIONAL INC,PM,0.0027
GE VERNOVA INC,GEV,0.0027
LINDE PLC,LIN,0.0026
INTERNATIONAL BUSINESS MACHINES CO,IBM,0.0025
INTEL CORPORATION CORP,INTC,0.0025
ROYAL BANK OF CANADA,RY,0.0025
MCDONALDS CORP,MCD,0.0024
PEPSICO INC,PEP,0.0023
VERIZON COMMUNICATIONS INC,VZ,0.0023
CITIGROUP INC,C,0.0023
AT&T INC,T,0.0022
COMMONWEALTH BANK OF AUSTRALIA,CBA,0.0022
MITSUBISHI UFJ FINANCIAL GROUP INC,8306,0.0022
KLA CORP,KLAC,0.0022
MORGAN STANLEY,MS,0.0021
TOYOTA MOTOR CORP,7203,0.0021
NEXTERA ENERGY INC,NEE,0.0021
AMGEN INC,AMGN,0.0021
SIEMENS N AG,SIE,0.002
THERMO FISHER SCIENTIFIC INC,TMO,0.002
TOTALENERGIES,TTE,0.002
BHP GROUP LTD,BHP,0.002
ABBOTT LABORATORIES,ABT,0.002
SAP,SAP,0.002
TJX INC,TJX,0.0019
TEXAS INSTRUMENT INC,TXN,0.0019
SALESFORCE INC,CRM,0.0019
GILEAD SCIENCES INC,GILD,0.0019
WALT DISNEY,DIS,0.0019
BANCO SANTANDER SA,SAN,0.0019
AMERICAN EXPRESS,AXP,0.0018
BOEING,BA,0.0018
PFIZER INC,PFE,0.0018
TORONTO DOMINION,TD,0.0018
INTUITIVE SURGICAL INC,ISRG,0.0018
ALLIANZ,ALV,0.0018
CONOCOPHILLIPS,COP,0.0017000000000000001
CHARLES SCHWAB CORP,SCHW,0.0017000000000000001
AMPHENOL CORP CLASS A,APH,0.0017000000000000001
ANALOG DEVICES INC,ADI,0.0017000000000000001
DEERE,DE,0.0016
IBERDROLA SA,IBE,0.0016
SCHNEIDER ELECTRIC,SU,0.0016
UNION PACIFIC CORP,UNP,0.0016
HONEYWELL INTERNATIONAL INC,HON,0.0016
SHOPIFY SUBORDINATE VOTING INC CLA,SHOP,0.0016
BLACKROCK INC,BLK,0.0016
UBER TECHNOLOGIES INC,UBER,0.0016
EATON PLC,ETN,0.0015
WELLTOWER INC,WELL,0.0015
HITACHI LTD,6501,0.0015
ARISTA NETWORKS INC,ANET,0.0015
LVMH,MC,0.0015
BOOKING HOLDINGS INC,BKNG,0.0015
QUALCOMM INC,QCOM,0.0015
SIEMENS ENERGY N AG,ENR,0.0015
S&P GLOBAL INC,SPGI,0.0015
ROLLS-ROYCE HOLDINGS PLC,RR.,0.0014000000000000002
PALO ALTO NETWORKS INC,PANW,0.0014000000000000002
DEUTSCHE TELEKOM N AG,DTE,0.0014000000000000002
ABB LTD,ABBN,0.0014000000000000002
LOCKHEED MARTIN CORP,LMT,0.0014000000000000002
SONY GROUP CORP,6758,0.0014000000000000002
LOWES COMPANIES INC,LOW,0.0014000000000000002
UBS GROUP AG,UBSG,0.0014000000000000002
BANCO BILBAO VIZCAYA ARGENTARIA SA,BBVA,0.0014000000000000002
PROLOGIS REIT INC,PLD,0.0014000000000000002
SUMITOMO MITSUI FINANCIAL GROUP IN,8316,0.0014000000000000002
BRITISH AMERICAN TOBACCO,BATS,0.0014000000000000002
NEWMONT,NEM,0.0014000000000000002
BP PLC,BP.,0.0014000000000000002
ACCENTURE PLC CLASS A,ACN,0.0013
CHUBB,CB,0.0013
DANAHER CORP,DHR,0.0013
LAIR LIQUIDE SOCIETE ANONYME POUR,AI,0.0013
UNILEVER PLC,ULVR,0.0013
BRISTOL MYERS SQUIBB,BMY,0.0013
CORNING INC,GLW,0.0013
SAFRAN SA,SAF,0.0013
AIA GROUP LTD,1299,0.0013
ENBRIDGE INC,ENB,0.0013
NOVO NORDISK CLASS B,NOVO B,0.0013
INTUIT INC,INTU,0.0013
CAPITAL ONE FINANCIAL CORP,COF,0.0013
PROGRESSIVE CORP,PGR,0.0013
STRYKER CORP,SYK,0.0012
PARKER-HANNIFIN CORP,PH,0.0012
AIRBUS GROUP,AIR,0.0012
GLAXOSMITHKLINE,GSK,0.0012
VERTEX PHARMACEUTICALS INC,VRTX,0.0012
ALTRIA GROUP INC,MO,0.0012
BLK CSH FND TREASURY SL AGENCY,XTSLA,0.0012
MEDTRONIC PLC,MDT,0.0012
MCKESSON CORP,MCK,0.0012
RIO TINTO PLC,RIO,0.0012
MITSUBISHI CORP,8058,0.0012
CME GROUP INC CLASS A,CME,0.0012
AGNICO EAGLE MINES LTD,AEM,0.0012
SOUTHERN,SO,0.0012
SERVICENOW INC,NOW,0.0012
TOKYO ELECTRON LTD,8035,0.0012
CHINA CONSTRUCTION BANK CORP H,939,0.0012
SANOFI SA,SAN,0.0012
ZURICH INSURANCE GROUP AG,ZURN,0.0012
DUKE ENERGY CORP,DUK,0.0011
WESTERN DIGITAL CORP,WDC,0.0011
MIZUHO FINANCIAL GROUP INC,8411,0.0011
STARBUCKS CORP,SBUX,0.0011
COMCAST CORP CLASS A,CMCSA,0.0011
CROWDSTRIKE HOLDINGS INC CLASS A,CRWD,0.0011
UNICREDIT,UCG,0.0011
ADOBE INC,ADBE,0.0011
T MOBILE US INC,TMUS,0.0011
ADVANTEST CORP,6857,0.0011
CANADIAN NATURAL RESOURCES LTD,CNQ,0.0011
LOREAL SA,OR,0.0011
EQUINIX REIT INC,EQIX,0.0011
BNP PARIBAS SA,BNP,0.0011
COMPAGNIE FINANCIERE RICHEMONT SA,CFR,0.0011
MITSUI LTD,8031,0.001
BANK OF MONTREAL,BMO,0.001
VERTIV HOLDINGS CLASS A,VRT,0.001
TRANE TECHNOLOGIES PLC,TT,0.001
NORTHROP GRUMMAN CORP,NOC,0.001
MITSUBISHI HEAVY INDUSTRIES LTD,7011,0.001
WASTE MANAGEMENT INC,WM,0.001
CVS HEALTH CORP,CVS,0.001
WESTPAC BANKING CORPORATION CORP,WBC,0.001
SEAGATE TECHNOLOGY HOLDINGS PLC,STX,0.001
BAE SYSTEMS PLC,BA.,0.001
DBS GROUP HOLDINGS LTD,D05,0.001
INTERCONTINENTAL EXCHANGE INC,ICE,0.001
BOSTON SCIENTIFIC CORP,BSX,0.001
ENEL,ENEL,0.001
CANADIAN IMPERIAL BANK OF COMMERCE,CM,0.001
APPLOVIN CORP CLASS A,APP,0.001
MARVELL TECHNOLOGY INC,MRVL,0.001
HDFC BANK LTD,HDFCBANK,0.001
HOWMET AEROSPACE INC,HWM,0.001
NATIONAL AUSTRALIA BANK LTD,NAB,0.001
RELIANCE INDUSTRIES LTD,RELIANCE,0.001
FREEPORT MCMORAN INC,FCX,0.001
BANK OF NOVA SCOTIA,BNS,0.001
DELTA ELECTRONICS INC,2308,0.001
INTESA SANPAOLO,ISP,0.0009
WILLIAMS INC,WMB,0.0009
SOFTBANK GROUP CORP,9984,0.0009
MARSH INC,MRSH,0.0009
NATIONAL GRID PLC,NG.,0.0009
CONSTELLATION ENERGY CORP,CEG,0.0009
TOKIO MARINE HOLDINGS INC,8766,0.0009
BLACKSTONE INC,BX,0.0009
AXA SA,CS,0.0009
QUANTA SERVICES INC,PWR,0.0009
BROOKFIELD CORP CLASS A,BN,0.0009
RHEINMETALL AG,RHM,0.0009
BANK OF NEW YORK MELLON CORP,BK,0.0009
MUENCHENER RUECKVERSICHERUNGS-GESE,MUV2,0.0009
AUTOMATIC DATA PROCESSING INC,ADP,0.0009
US BANCORP,USB,0.0009
PNC FINANCIAL SERVICES GROUP INC,PNC,0.0009
GENERAL DYNAMICS CORP,GD,0.0009
JOHNSON CONTROLS INTERNATIONAL PLC,JCI,0.0009
AMERICAN TOWER REIT CORP,AMT,0.0009
BARCLAYS PLC,BARC,0.0009
FEDEX CORP,FDX,0.0009
SUNCOR ENERGY INC,SU,0.0009
REGENERON PHARMACEUTICALS INC,REGN,0.0009
OREILLY AUTOMOTIVE INC,ORLY,0.0009
VINCI SA,DG,0.0009
ING GROEP NV,INGA,0.0008
MERCADOLIBRE INC,MELI,0.0008
CUMMINS INC,CMI,0.0008
CSX CORP,CSX,0.0008
ITOCHU CORP,8001,0.0008
HON HAI PRECISION INDUSTRY LTD,2317,0.0008
SPOTIFY TECHNOLOGY SA,SPOT,0.0008
HCA HEALTHCARE INC,HCA,0.0008
SHERWIN WILLIAMS,SHW,0.0008
FAST RETAILING LTD,9983,0.0008
LLOYDS BANKING GROUP PLC,LLOY,0.0008
3M,MMM,0.0008
MONDELEZ INTERNATIONAL INC CLASS A,MDLZ,0.0008
VALERO ENERGY CORP,VLO,0.0008
CADENCE DESIGN SYSTEMS INC,CDNS,0.0008
ANZ GROUP HOLDINGS LTD,ANZ,0.0008
MARRIOTT INTERNATIONAL INC CLASS A,MAR,0.0008
EMERSON ELECTRIC,EMR,0.0008
SYNOPSYS INC,SNPS,0.0008
GLENCORE PLC,GLEN,0.0008
EOG RESOURCES INC,EOG,0.0008
MOTOROLA SOLUTIONS INC,MSI,0.0008
MARATHON PETROLEUM CORP,MPC,0.0008
UNITED PARCEL SERVICE INC CLASS B,UPS,0.0008
ILLINOIS TOOL INC,ITW,0.0008
SLB NV,SLB,0.0008
ROSS STORES INC,ROST,0.0008
CIGNA,CI,0.0008
PDD HOLDINGS ADS INC,PDD,0.0008
ROYAL CARIBBEAN GROUP LTD,RCL,0.0008
PHILLIPS,PSX,0.0008
CANADIAN PACIFIC KANSAS CITY LTD,CP,0.0008
MOODYS CORP,MCO,0.0008
BARRICK MINING CORP,ABX,0.0008
AMERICAN ELECTRIC POWER INC,AEP,0.0008
HILTON WORLDWIDE HOLDINGS INC,HLT,0.0008
ANHEUSER-BUSCH INBEV SA,ABI,0.0008
CRH PUBLIC LIMITED PLC,CRH,0.0008
MEDIATEK INC,2454,0.0008
XIAOMI CORP,1810,0.0008
KEYENCE CORP,6861,0.0008
SHIN ETSU CHEMICAL LTD,4063,0.0008
INVESTOR CLASS B,INVE B,0.0007000000000000001
GENERAL MOTORS,GM,0.0007000000000000001
L3HARRIS TECHNOLOGIES INC,LHX,0.0007000000000000001
SAMSUNG ELECTRONICS NON VOTING PRE,005935,0.0007000000000000001
ICICI BANK LTD,ICICIBANK,0.0007000000000000001
ELEVANCE HEALTH INC,ELV,0.0007000000000000001
ECOLAB INC,ECL,0.0007000000000000001
KINDER MORGAN INC,KMI,0.0007000000000000001
TRANSDIGM GROUP INC,TDG,0.0007000000000000001
CLOUDFLARE INC CLASS A,NET,0.0007000000000000001
AIR PRODUCTS AND CHEMICALS INC,APD,0.0007000000000000001
COLGATE-PALMOLIVE,CL,0.0007000000000000001
AON PLC CLASS A,AON,0.0007000000000000001
TC ENERGY CORP,TRP,0.0007000000000000001
ESSILORLUXOTTICA SA,EL,0.0007000000000000001
WARNER BROS. DISCOVERY INC SERIES,WBD,0.0007000000000000001
TRAVELERS COMPANIES INC,TRV,0.0007000000000000001
NORFOLK SOUTHERN CORP,NSC,0.0007000000000000001
JPY CASH,JPY,0.0007000000000000001
CIENA CORP,CIEN,0.0007000000000000001
PACCAR INC,PCAR,0.0007000000000000001
INDUSTRIA DE DISENO TEXTIL SA,ITX,0.0007000000000000001
DIGITAL REALTY TRUST REIT INC,DLR,0.0007000000000000001
SEMPRA,SRE,0.0007000000000000001
MITSUBISHI ELECTRIC CORP,6503,0.0007000000000000001
RELX PLC,REL,0.0007000000000000001
TE CONNECTIVITY PLC,TEL,0.0007000000000000001
CINTAS CORP,CTAS,0.0007000000000000001
DOORDASH INC CLASS A,DASH,0.0007000000000000001
CENCORA INC,COR,0.0007000000000000001
NINTENDO LTD,7974,0.0007000000000000001
WHEATON PRECIOUS METALS CORP,WPM,0.0007000000000000001
RECRUIT HOLDINGS LTD,6098,0.0007000000000000001
PROSUS NV CLASS N,PRX,0.0007000000000000001
SIMON PROPERTY GROUP REIT INC,SPG,0.0007000000000000001
CHENIERE ENERGY INC,LNG,0.0007000000000000001
CIA VALE DO RIO DOCE SH,VALE3,0.0007000000000000001
INDUSTRIAL AND COMMERCIAL BANK OF,1398,0.0007000000000000001
TRUIST FINANCIAL CORP,TFC,0.0007000000000000001
MANULIFE FINANCIAL CORP,MFC,0.0006
TAKEDA PHARMACEUTICAL LTD,4502,0.0006
LUMENTUM HOLDINGS INC,LITE,0.0006
HOYA CORP,7741,0.0006
HERMES INTERNATIONAL,RMS,0.0006
INFINEON TECHNOLOGIES AG,IFX,0.0006
BAKER HUGHES CLASS A,BKR,0.0006
ENI,ENI,0.0006
REALTY INCOME REIT CORP,O,0.0006
CORTEVA INC,CTVA,0.0006
ENGIE SA,ENGI,0.0006
NATWEST GROUP PLC,NWG,0.0006
WESFARMERS LTD,WES,0.0006
KKR AND CO INC,KKR,0.0006
OVERSEA-CHINESE BANKING LTD,O39,0.0006
ARTHUR J GALLAGHER,AJG,0.0006
ONEOK INC,OKE,0.0006
AUTOZONE INC,AZO,0.0006
DELL TECHNOLOGIES INC CLASS C,DELL,0.0006
LONDON STOCK EXCHANGE GROUP PLC,LSEG,0.0006
AL RAJHI BANK,1120,0.0006
DEUTSCHE BOERSE AG,DB1,0.0006
CANADIAN NATIONAL RAILWAY,CNR,0.0006
NORDEA BANK,NDA FI,0.0006
MONOLITHIC POWER SYSTEMS INC,MPWR,0.0006
TARGET CORP,TGT,0.0006
DEUTSCHE BANK AG,DBK,0.0006
ALLSTATE CORP,ALL,0.0006
AFLAC INC,AFL,0.0006
AIRBNB INC CLASS A,ABNB,0.0006
NIKE INC CLASS B,NKE,0.0006
TARGA RESOURCES CORP,TRGP,0.0006
FORTINET INC,FTNT,0.0006
SOCIETE GENERALE SA,GLE,0.0006
MONSTER BEVERAGE CORP,MNST,0.0006
FASTENAL,FAST,0.0006
VISTRA CORP,VST,0.0006
ZOETIS INC CLASS A,ZTS,0.0006
NATIONAL BANK OF CANADA,NA,0.0006
ROBINHOOD MARKETS INC CLASS A,HOOD,0.0006
ENTERGY CORP,ETR,0.0006
E.ON N,EOAN,0.0006
DOMINION ENERGY INC,D,0.0006
MEITUAN,3690,0.0006
MARUBENI CORP,8002,0.0006
BASF N,BAS,0.0006
AMETEK INC,AME,0.0006
PING AN INSURANCE (GROUP) CO OF CH,2318,0.0006
MACQUARIE GROUP LTD DEF,MQG,0.0006
WW GRAINGER INC,GWW,0.0006
EXELON CORP,EXC,0.0006
SWISS RE AG,SREN,0.0006
ANGLOGOLD ASHANTI PLC,ANG,0.0006
AUTODESK INC,ADSK,0.0006
VOLVO CLASS B,VOLV B,0.0006
DANONE SA,BN,0.0005
KEYSIGHT TECHNOLOGIES INC,KEYS,0.0005
CARDINAL HEALTH INC,CAH,0.0005
SNOWFLAKE INC,SNOW,0.0005
KDDI CORP,9433,0.0005
DEUTSCHE POST AG,DHL,0.0005
DSV,DSV,0.0005
TERADYNE INC,TER,0.0005
COMFORT SYSTEMS USA INC,FIX,0.0005
NXP SEMICONDUCTORS NV,NXPI,0.0005
HONG KONG EXCHANGES AND CLEARING L,388,0.0005
CAMECO CORP,CCO,0.0005
FRANCO NEVADA CORP,FNV,0.0005
ELECTRONIC ARTS INC,EA,0.0005
ATLAS COPCO CLASS A,ATCO A,0.0005
CAIXABANK SA,CABK,0.0005
NU HOLDINGS LTD CLASS A,NU,0.0005
BHARTI AIRTEL LTD,BHARTIARTL,0.0005
BYD LTD H,1211,0.0005
COMPASS GROUP PLC,CPG,0.0005
XCEL ENERGY INC,XEL,0.0005
REPUBLIC SERVICES INC,RSG,0.0005
ANGLO AMERICAN PLC,AAL,0.0005
LONZA GROUP AG,LONN,0.0005
UNITED RENTALS INC,URI,0.0005
BANK OF CHINA LTD H,3988,0.0005
APOLLO GLOBAL MANAGEMENT INC,APO,0.0005
ITAU UNIBANCO HOLDING PREF SA,ITUB4,0.0005
EDWARDS LIFESCIENCES CORP,EW,0.0005
IDEXX LABORATORIES INC,IDXX,0.0005
CSL LTD,CSL,0.0005
INFOSYS LTD,INFY,0.0005
FERGUSON ENTERPRISES INC,FERG,0.0005
ARGENX,ARGX,0.0005
WOODSIDE ENERGY GROUP LTD,WDS,0.0005
OCCIDENTAL PETROLEUM CORP,OXY,0.0005
PETROLEO BRASILEIRO PREF SA,PETR4,0.0005
FORD MOTOR CO,F,0.0005
JAPAN TOBACCO INC,2914,0.0005
PUBLIC STORAGE REIT,PSA,0.0005
CHIPOTLE MEXICAN GRILL INC,CMG,0.0005
BECTON DICKINSON,BDX,0.0005
HOLCIM LTD AG,HOLN,0.0005
BAYER AG,BAYN,0.0005
HYUNDAI MOTOR,005380,0.0005
TESCO PLC,TSCO,0.0005
NOKIA,NOKIA,0.0005
WESTINGHOUSE AIR BRAKE TECHNOLOGIE,WAB,0.0005
STANDARD CHARTERED PLC,STAN,0.0005
RECKITT BENCKISER GROUP PLC,RKT,0.0005
YUM BRANDS INC,YUM,0.0005
KROGER,KR,0.0005
SSE PLC,SSE,0.0005
RWE AG,RWE,0.0005
SAUDI ARABIAN OIL,2222,0.0005
MERCEDES-BENZ GROUP N AG,MBG,0.0005
FIFTH THIRD BANCORP,FITB,0.0005
KONINKLIJKE AHOLD DELHAIZE NV,AD,0.0005
LEGRAND SA,LR,0.0005
ALNYLAM PHARMACEUTICALS INC,ALNY,0.0005
FERRARI NV,RACE,0.0005
GOLD FIELDS LTD,GFI,0.0005
CARVANA CLASS A,CVNA,0.0005
ROCKWELL AUTOMATION INC,ROK,0.0005
HALEON PLC,HLN,0.0005
EBAY INC,EBAY,0.0005
SUMITOMO CORP,8053,0.0005
CONSOLIDATED EDISON INC,ED,0.0005
CBRE GROUP INC CLASS A,CBRE,0.0005
CARRIER GLOBAL CORP,CARR,0.0005
WASTE CONNECTIONS INC,WCN,0.0005
MSCI INC,MSCI,0.0005
NASPERS LIMITED LTD CLASS N,NPN,0.0005
SUMITOMO ELECTRIC INDUSTRIES LTD,5802,0.0004
PAYPAL HOLDINGS INC,PYPL,0.0004
PANASONIC HOLDINGS CORP,6752,0.0004
ALIMENTATION COUCHE TARD INC,ATD,0.0004
COHERENT CORP,COHR,0.0004
AMERICAN INTERNATIONAL GROUP INC,AIG,0.0004
SANDVIK,SAND,0.0004
PG&E CORP,PCG,0.0004
NUCOR CORP,NUE,0.0004
GARMIN LTD,GRMN,0.0004
FUJIKURA LTD,5803,0.0004
SOFTBANK CORP,9434,0.0004
KINROSS GOLD CORP,K,0.0004
DIAGEO PLC,DGE,0.0004
METLIFE INC,MET,0.0004
NETEASE INC,9999,0.0004
AMERIPRISE FINANCE INC,AMP,0.0004
PUBLIC SERVICE ENTERPRISE GROUP IN,PEG,0.0004
NASDAQ INC,NDAQ,0.0004
ROPER TECHNOLOGIES INC,ROP,0.0004
VENTAS REIT INC,VTR,0.0004
HARTFORD INSURANCE GROUP INC,HIG,0.0004
PRUDENTIAL PLC,PRU,0.0004
CHUGAI PHARMACEUTICAL LTD,4519,0.0004
WEC ENERGY GROUP INC,WEC,0.0004
ALCON AG,ALC,0.0004
UCB SA,UCB,0.0004
TAKE TWO INTERACTIVE SOFTWARE INC,TTWO,0.0004
RIO TINTO LTD,RIO,0.0004
DATADOG INC CLASS A,DDOG,0.0004
D R HORTON INC,DHI,0.0004
ASE TECHNOLOGY HOLDING LTD,3711,0.0004
COINBASE GLOBAL INC CLASS A,COIN,0.0004
GRUPO MEXICO B,GMEXICOB,0.0004
VULCAN MATERIALS,VMC,0.0004
EQT CORP,EQT,0.0004
MARTIN MARIETTA MATERIALS INC,MLM,0.0004
ASSICURAZIONI GENERALI,G,0.0004
OLD DOMINION FREIGHT LINE INC,ODFL,0.0004
COMPAGNIE DE SAINT GOBAIN SA,SGO,0.0004
NUTRIEN LTD,NTR,0.0004
MURATA MANUFACTURING LTD,6981,0.0004
STATE STREET CORP,STT,0.0004
KB FINANCIAL GROUP INC,105560,0.0004
ASSA ABLOY B,ASSA B,0.0004
KOMATSU LTD,6301,0.0004
GOODMAN GROUP UNITS,GMG,0.0004
FUJITSU LTD,6702,0.0004
SUN LIFE FINANCIAL INC,SLF,0.0004
GALDERMA GROUP N AG,GALD,0.0004
MICROCHIP TECHNOLOGY INC,MCHP,0.0004
CENOVUS ENERGY,CVE,0.0004
DISCO CORP,6146,0.0004
ASM INTERNATIONAL NV,ASM,0.0004
CONSTELLATION SOFTWARE INC,CSU,0.0004
ARCHER DANIELS MIDLAND,ADM,0.0004
PETROLEO BRASILEIRO SA PETROBRAS,PETR3,0.0004
ARCH CAPITAL GROUP LTD,ACGL,0.0004
CROWN CASTLE INC,CCI,0.0004
ORANGE SA,ORA,0.0004
DOLLARAMA INC,DOL,0.0004
REPSOL SA,REP,0.0004
ROBLOX CORP CLASS A,RBLX,0.0004
3I GROUP PLC,III,0.0004
PRUDENTIAL FINANCIAL INC,PRU,0.0004
FAIRFAX FINANCIAL HOLDINGS SUB VOT,FFH,0.0004
INSMED INC,INSM,0.0004
ERSTE GROUP BANK AG,EBS,0.0004
THE SAUDI NATIONAL BANK,1180,0.0004
DIAMONDBACK ENERGY INC,FANG,0.0004
EMCOR GROUP INC,EME,0.0004
JD.COM CLASS A INC,9618,0.0004
TEVA PHARMACEUTICAL INDUSTRIES ADR,TEVA,0.0004
SWISS LIFE HOLDING AG,SLHN,0.0004
UNITED OVERSEAS BANK LTD,U11,0.0004
SANDOZ GROUP AG,SDZ,0.0004
FERROVIAL,FER,0.0004
CELESTICA INC,CLS,0.0004
HEWLETT PACKARD ENTERPRISE,HPE,0.0004
RESMED INC,RMD,0.0004
SOMPO HOLDINGS INC,8630,0.0004
AGILENT TECHNOLOGIES INC,A,0.0004
VODAFONE GROUP PLC,VOD,0.0004
M&T BANK CORP,MTB,0.0004
IMPERIAL BRANDS PLC,IMB,0.0004
ORIX CORP,8591,0.0004
DANSKE BANK,DANSKE,0.0004
SYSCO CORP,SYY,0.0004
PRYSMIAN,PRY,0.0004
INTACT FINANCIAL CORP,IFC,0.0004
DAIICHI SANKYO LTD,4568,0.0004
KIMBERLY CLARK CORP,KMB,0.0004
DAIICHI LIFE GROUP INC,8750,0.0004
BLOCK INC CLASS A,XYZ,0.0004
ROCKET LAB CORP,RKLB,0.0004
SEA ADS REPRESENTING LTD CLASS A,SE,0.0004
DAIKIN INDUSTRIES LTD,6367,0.0004
HUNTINGTON BANCSHARES INC,HBAN,0.0004
GE HEALTHCARE TECHNOLOGIES INC,GEHC,0.0004
MS&AD INSURANCE GROUP HOLDINGS INC,8725,0.0004
HALLIBURTON,HAL,0.0004
FANUC CORP,6954,0.0004
ERICSSON B,ERIC B,0.0004
NEC CORP,6701,0.0003
KENVUE INC,KVUE,0.0003
EXPERIAN PLC,EXPN,0.0003
KEURIG DR PEPPER INC,KDP,0.0003
IRON MOUNTAIN INC,IRM,0.0003
INGERSOLL RAND INC,IR,0.0003
INTERACTIVE BROKERS GROUP INC CLAS,IBKR,0.0003
COPART INC,CPRT,0.0003
AXON ENTERPRISE INC,AXON,0.0003
TRIP.COM GROUP LTD,9961,0.0003
BAIDU CLASS A INC,9888,0.0003
BANK LEUMI LE ISRAEL,LUMI,0.0003
DTE ENERGY,DTE,0.0003
STRATEGY INC CLASS A,MSTR,0.0003
NRG ENERGY INC,NRG,0.0003
HERSHEY FOODS,HSY,0.0003
FISERV INC,FISV,0.0003
BLOOM ENERGY CLASS A CORP,BE,0.0003
AMEREN CORP,AEE,0.0003
ATMOS ENERGY CORP,ATO,0.0003
CBOE GLOBAL MARKETS INC,CBOE,0.0003
WOOLWORTHS GROUP LTD,WOW,0.0003
HANWHA AEROSPACE LTD,012450,0.0003
IQVIA HOLDINGS INC,IQV,0.0003
XYLEM INC,XYL,0.0003
VICI PPTYS INC,VICI,0.0003
NTT INC,9432,0.0003
SINGAPORE TELECOMMUNICATIONS LTD,Z74,0.0003
SK SQUARE LTD,402340,0.0003
HONDA MOTOR LTD,7267,0.0003
MAHINDRA AND MAHINDRA LTD,M&M,0.0003
GPO FINANCE BANORTE,GFNORTEO,0.0003
WATERS CORP,WAT,0.0003
TRANSURBAN GROUP STAPLED UNITS,TCL,0.0003
JAPAN POST BANK LTD,7182,0.0003
OTSUKA HOLDINGS LTD,4578,0.0003
THALES SA,HO,0.0003
CTBC FINANCIAL HOLDING LTD,2891,0.0003
GIVAUDAN SA,GIVN,0.0003
EQUINOR,EQNR,0.0003
DOW INC,DOW,0.0003
TAPESTRY INC,TPR,0.0003
EXTRA SPACE STORAGE REIT INC,EXR,0.0003
PPL CORP,PPL,0.0003
PAYCHEX INC,PAYX,0.0003
ASTELLAS PHARMA INC,4503,0.0003
WORKDAY INC CLASS A,WDAY,0.0003
JABIL INC,JBL,0.0003
KBC GROEP,KBC,0.0003
BANK HAPOALIM BM,POLI,0.0003
LEONARDO FINMECCANICA SPA,LDO,0.0003
CHF CASH,CHF,0.0003
FIRSTENERGY CORP,FE,0.0003
DNB BANK,DNB,0.0003
COGNIZANT TECHNOLOGY SOLUTIONS COR,CTSH,0.0003
SEVEN & I HOLDINGS LTD,3382,0.0003
SWEDBANK,SWED A,0.0003
OTIS WORLDWIDE CORP,OTIS,0.0003
EDISON INTERNATIONAL,EIX,0.0003
CENTERPOINT ENERGY INC,CNP,0.0003
MITSUBISHI ESTATE CO LTD,8802,0.0003
KUWAIT FINANCE HOUSE,KFH,0.0003
TELEDYNE TECHNOLOGIES INC,TDY,0.0003
MITSUI FUDOSAN LTD,8801,0.0003
SKANDINAVISKA ENSKILDA BANKEN,SEB A,0.0003
WILLIS TOWERS WATSON PLC,WTW,0.0003
DOVER CORP,DOV,0.0003
VESTAS WIND SYSTEMS,VWS,0.0003
PETROCHINA LTD H,857,0.0003
NATERA INC,NTRA,0.0003
DOOSAN ENERBILITY LTD,034020,0.0003
DEVON ENERGY CORP,DVN,0.0003
CARNIVAL CORP,CCL,0.0003
FORTIS INC,FTS,0.0003
OTP BANK,OTP,0.0003
SUNBELT RENTALS HOLDINGS INC,SUNB,0.0003
VEEVA SYSTEMS INC CLASS A,VEEV,0.0003
AMERICAN WATER WORKS INC,AWK,0.0003
LOBLAW COMPANIES LTD,L,0.0003
HUBBELL INC,HUBB,0.0003
POWER CORPORATION OF CANADA,POW,0.0003
HEIDELBERG MATERIALS AG,HEI,0.0003
CITIZENS FINANCIAL GROUP INC,CFG,0.0003
ADIDAS N AG,ADS,0.0003
DOLLAR GENERAL CORP,DG,0.0003
EXPEDIA GROUP INC,EXPE,0.0003
FAIR ISAAC CORP,FICO,0.0003
AEON LTD,8267,0.0003
METTLER TOLEDO INC,MTD,0.0003
AXIS BANK LTD,AXISBANK,0.0003
COMMERZBANK AG,CBK,0.0003
EVERSOURCE ENERGY,ES,0.0003
TEXAS PACIFIC LAND CORP,TPL,0.0003
SAMPO CLASS A,SAMPO,0.0003
VEOLIA ENVIRON. SA,VIE,0.0003
COTERRA ENERGY INC,CTRA,0.0003
DELTA ELECTRONICS (THAILAND) NON-V,DELTA.R,0.0003
LIVE NATION ENTERTAINMENT INC,LYV,0.0003
BIOGEN INC,BIIB,0.0003
SAUDI ARABIAN MINING,1211,0.0003
VERISK ANALYTICS INC,VRSK,0.0003
ELITE MATERIAL LTD,2383,0.0003
STEEL DYNAMICS INC,STLD,0.0003
ZIJIN MINING GROUP LTD H,2899,0.0003
ACS ACTIVIDADES DE CONSTRUCCION Y,ACS,0.0003
AJINOMOTO INC,2802,0.0003
KIA CORPORATION CORP,000270,0.0003
ON SEMICONDUCTOR CORP,ON,0.0003
SIKA AG,SIKA,0.0003
AMRIZE AG,AMRZ,0.0003
CINCINNATI FINANCIAL CORP,CINF,0.0003
PEMBINA PIPELINE CORP,PPL,0.0003
FLEX LTD,FLEX,0.0003
INPEX CORP,1605,0.0003
FIRSTRAND LTD,FSR,0.0003
QNITY ELECTRONICS INC,Q,0.0003
TOYOTA TSUSHO CORP,8015,0.0003
NORTHERN TRUST CORP,NTRS,0.0003
ACCTON TECHNOLOGY CORP,2345,0.0003
ADYEN NV,ADYEN,0.0003
SYNCHRONY FINANCIAL,SYF,0.0003
EUR CASH,EUR,0.0003
RENESAS ELECTRONICS CORP,6723,0.0003
AVIVA PLC,AV.,0.0003
RAYMOND JAMES INC,RJF,0.0003
LARSEN AND TOUBRO LTD,LT,0.0003
TECK RESOURCES SUBORDINATE VOTING,TECK.B,0.0003
AERCAP HOLDINGS NV,AER,0.0003
BMW AG,BMW,0.0003
EXPAND ENERGY CORP,EXE,0.0003
CMS ENERGY CORP,CMS,0.0003
AMADEUS IT GROUP SA,AMS,0.0003
ULTA BEAUTY INC,ULTA,0.0003
MICHELIN,ML,0.0003
PARTNERS GROUP HOLDING AG,PGHN,0.0003
OMNICOM GROUP INC,OMC,0.0003
SUN HUNG KAI PROPERTIES LTD,16,0.0003
RESTAURANTS BRANDS INTERNATIONAL I,QSR,0.0003
BAJAJ FINANCE LTD,BAJFINANCE,0.0003
ENEOS HOLDINGS INC,5020,0.0003
FIDELITY NATIONAL INFORMATION SERV,FIS,0.0003
SHINHAN FINANCIAL GROUP LTD,055550,0.0003
CHINA MERCHANTS BANK LTD H,3968,0.0003
DEXCOM INC,DXCM,0.0003
PPG INDUSTRIES INC,PPG,0.0003
FORTESCUE LTD,FMG,0.0003
CHINA LIFE INSURANCE LTD H,2628,0.0003
RYANAIR HOLDINGS PLC,RYA,0.0003
MARKEL GROUP INC,MKL,0.0003
GEBERIT AG,GEBN,0.0003
KIOXIA HOLDINGS CORP,285A,0.0003
RESONA HOLDINGS INC,8308,0.0003
TDK CORP,6762,0.0003
REGIONS FINANCIAL CORP,RF,0.0003
LABCORP HOLDINGS INC,LH,0.0003
FTAI AVIATION LTD,FTAI,0.0003
STANDARD BANK GROUP,SBK,0.0003
CURTISS WRIGHT CORP,CW,0.0003
CONSTELLATION BRANDS INC CLASS A,STZ,0.0003
QUANTA COMPUTER INC,2382,0.0003
CANON INC,7751,0.0003
LPL FINANCIAL HOLDINGS INC,LPLA,0.0003
TATA CONSULTANCY SERVICES LTD,TCS,0.0003
AMERICA MOVIL B,AMXB,0.0003
POWSZECHNA KASA OSZCZEDNOSCI BANK,PKO,0.0003
AVALONBAY COMMUNITIES REIT INC,AVB,0.0003
BOC HONG KONG HOLDINGS LTD,2388,0.0003
NOMURA HOLDINGS INC,8604,0.0003
PULTEGROUP INC,PHM,0.0003
DAIMLER TRUCK HOLDING E AG,DTG,0.0003
EQUIFAX INC,EFX,0.0003
HANA FINANCIAL GROUP INC,086790,0.0003
NISOURCE INC,NI,0.0003
IMPERIAL OIL LTD,IMO,0.0003
CHURCH AND DWIGHT INC,CHD,0.0003
BRIDGESTONE CORP,5108,0.0003
QUEST DIAGNOSTICS INC,DGX,0.0003
ARCELORMITTAL SA,MT,0.0002
CASEYS GENERAL STORES INC,CASY,0.0002
PAN AMERICAN SILVER CORP,PAAS,0.0002
UNITED THERAPEUTICS CORP,UTHR,0.0002
VERISIGN INC,VRSN,0.0002
ELBIT SYSTEMS LTD,ESLT,0.0002
ARES MANAGEMENT CORP CLASS A,ARES,0.0002
ATLAS COPCO CLASS B,ATCO B,0.0002
CASH COLLATERAL USD SGAFT,SGAFT,0.0002
CREDICORP LTD,BAP,0.0002
BRAMBLES LTD,BXB,0.0002
QBE INSURANCE GROUP LTD,QBE,0.0002
KERING SA,KER,0.0002
EAST JAPAN RAILWAY,9020,0.0002
IHI CORP,7013,0.0002
DARDEN RESTAURANTS INC,DRI,0.0002
EMAAR PROPERTIES,EMAAR,0.0002
UNIVERSAL MUSIC GROUP NV,UMG,0.0002
SAAB CLASS B,SAAB B,0.0002
VALTERRA PLATINUM LTD,VAL,0.0002
NEBIUS NV CLASS A,NBIS,0.0002
HEINEKEN NV,HEIA,0.0002
CAPITEC LTD,CPI,0.0002
NATIONAL BANK OF KUWAIT,NBK,0.0002
TRACTOR SUPPLY,TSCO,0.0002
VERALTO CORP,VLTO,0.0002
NOVOZYMES B,NSIS B,0.0002
STMICROELECTRONICS NV,STMPA,0.0002
FUBON FINANCIAL HOLDING LTD,2881,0.0002
SMC (JAPAN) CORP,6273,0.0002
HUMANA INC,HUM,0.0002
NN GROUP NV,NN,0.0002
GBP CASH,GBP,0.0002
NETAPP INC,NTAP,0.0002
FOMENTO ECONOMICO MEXICANO,FEMSAUBD,0.0002
BANCO BRADESCO PREF SA,BBDC4,0.0002
DENSO CORP,6902,0.0002
BANK CENTRAL ASIA,BBCA,0.0002
SWISSCOM AG,SCMN,0.0002
MONGODB INC CLASS A,MDB,0.0002
ASIA VITAL COMPONENTS LTD,3017,0.0002
CELLTRION INC,068270,0.0002
STERIS,STE,0.0002
BURLINGTON STORES INC,BURL,0.0002
CK HUTCHISON HOLDINGS LTD,1,0.0002
VOLKSWAGEN NON-VOTING PREF AG,VOW3,0.0002
FIRST ABU DHABI BANK,FAB,0.0002
EQUITY RESIDENTIAL REIT,EQR,0.0002
QATAR NATIONAL BANK,QNBK,0.0002
KONINKLIJKE KPN NV,KPN,0.0002
DOLLAR TREE INC,DLTR,0.0002
SMURFIT WESTROCK PLC,SW,0.0002
B3 BRASIL BOLSA BALCAO SA,B3SA3,0.0002
NEXT PLC,NXT,0.0002
WSP GLOBAL INC,WSP,0.0002
UNIMICRON TECHNOLOGY CORP,3037,0.0002
AGRICULTURAL BANK OF CHINA LTD H,1288,0.0002
KONE,KNEBV,0.0002
KONINKLIJKE PHILIPS NV,PHIA,0.0002
CATHAY FINANCIAL HOLDING LTD,2882,0.0002
KRAFT HEINZ,KHC,0.0002
FRESENIUS SE AND CO KGAA,FRE,0.0002
BEONE MEDICINES AG,6160,0.0002
CHINA SHENHUA ENERGY LTD H,1088,0.0002
FUJIFILM HOLDINGS CORP,4901,0.0002
SAUDI TELECOM,7010,0.0002
JAPAN POST HOLDINGS LTD,6178,0.0002
ILLUMINA INC,ILMN,0.0002
CORPAY INC,CPAY,0.0002
WARTSILA,WRT1V,0.0002
KOTAK MAHINDRA BANK LTD,KOTAKBANK,0.0002
WILLIAMS SONOMA INC,WSM,0.0002
COLES GROUP LTD,COL,0.0002
EVERPURE INC CLASS A,PSTG,0.0002
STATE BANK OF INDIA,SBIN,0.0002
CH ROBINSON WORLDWIDE INC,CHRW,0.0002
FIRST SOLAR INC,FSLR,0.0002
ZOOM COMMUNICATIONS INC CLASS A,ZM,0.0002
LEIDOS HOLDINGS INC,LDOS,0.0002
CREDIT AGRICOLE SA,ACA,0.0002
AST SPACEMOBILE INC CLASS A,ASTS,0.0002
COCA COLA EUROPACIFIC PARTNERS PLC,CCEP,0.0002
MTU AERO ENGINES HOLDING AG,MTX,0.0002
T ROWE PRICE GROUP INC,TROW,0.0002
PRINCIPAL FINANCIAL GROUP INC,PFG,0.0002
LYONDELLBASELL INDUSTRIES NV CLASS,LYB,0.0002
EVERGY INC,EVRG,0.0002
TOWER SEMICONDUCTOR LTD,TSEM,0.0002
LEGAL AND GENERAL GROUP PLC,LGEN,0.0002
MTN GROUP LTD,MTN,0.0002
AIB GROUP PLC,A5G,0.0002
CF INDUSTRIES HOLDINGS INC,CF,0.0002
ANTOFAGASTA PLC,ANTO,0.0002
NORTHERN STAR RESOURCES LTD,NST,0.0002
BROADRIDGE FINANCIAL SOLUTIONS INC,BR,0.0002
SOFI TECHNOLOGIES INC,SOFI,0.0002
VONOVIA SE,VNA,0.0002
CAPGEMINI,CAP,0.0002
COEUR MINING INC,CDE,0.0002
HEXAGON CLASS B,HEXA B,0.0002
DUPONT DE NEMOURS INC,DD,0.0002
PUBLICIS GROUPE SA,PUB,0.0002
ABN AMRO BANK NV,ABN,0.0002
TWILIO INC CLASS A,TWLO,0.0002
TECHTRONIC INDUSTRIES LTD,669,0.0002
KONGSBERG GRUPPEN,KOG,0.0002
FORTIVE CORP,FTV,0.0002
ALAMOS GOLD INC CLASS A,AGI,0.0002
SBA COMMUNICATIONS REIT CORP CLASS,SBAC,0.0002
GENERAL MILLS INC,GIS,0.0002
BPER BANCA,BPE,0.0002
SUMITOMO MITSUI TRUST GROUP INC,8309,0.0002
AENA SME SA,AENA,0.0002
TERNA RETE ELETTRICA NAZIONALE,TRN,0.0002
ROYALTY PHARMA PLC CLASS A,RPRX,0.0002
CENTRAL JAPAN RAILWAY,9022,0.0002
ORLEN SA,PKN,0.0002
SVENSKA HANDELSBANKEN-A SHS,SHB A,0.0002
BROWN & BROWN INC,BRO,0.0002
BT GROUP PLC,BT.A,0.0002
COREWEAVE INC CLASS A,CRWV,0.0002
INTERNATIONAL FLAVORS & FRAGRANCES,IFF,0.0002
RB GLOBAL INC,RBA,0.0002
AMCOR PLC,AMCR,0.0002
KEYCORP,KEY,0.0002
CHROMA ATE INC,2360,0.0002
ASICS CORP,7936,0.0002
F5 INC,FFIV,0.0002
ZIMMER BIOMET HOLDINGS INC,ZBH,0.0002
INTERCONTINENTAL HOTELS GROUP PLC,IHG,0.0002
ARISTOCRAT LEISURE LTD,ALL,0.0002
WEST PHARMACEUTICAL SERVICES INC,WST,0.0002
SNAP ON INC,SNA,0.0002
ALLIANT ENERGY CORP,LNT,0.0002
SANTOS LTD,STO,0.0002
BROOKFIELD ASSET MANAGEMENT VOTING,BAM,0.0002
UNITED MICRO ELECTRONICS CORP,2303,0.0002
KYOCERA CORP,6971,0.0002
HANNOVER RUECK,HNR1,0.0002
CENTENE CORP,CNC,0.0002
ECHOSTAR CORP CLASS A,SATS,0.0002
EMIRATES NBD,EMIRATESNBD,0.0002
YANGTZE OPTICAL FIBRE AND CABLE JO,6869,0.0002
NAVER CORP,035420,0.0002
CHARTER COMMUNICATIONS INC CLASS A,CHTR,0.0002
PACKAGING CORP OF AMERICA,PKG,0.0002
FLUTTER ENTERTAINMENT PLC,FLUT,0.0002
ORIENTAL LAND LTD,4661,0.0002
TYSON FOODS INC CLASS A,TSN,0.0002
SAMSUNG SDI LTD,006400,0.0002
BANCO DE SABADELL SA,SAB,0.0002
WOLTERS KLUWER NV,WKL,0.0002
BUNGE GLOBAL SA,BG,0.0002
EVOLUTION MINING LTD,EVN,0.0002
ENTEGRIS INC,ENTG,0.0002
LIBERTY MEDIA FORMULA ONE SERIES C,FWONK,0.0002
NIPPON STEEL CORP,5401,0.0002
MARUTI SUZUKI INDIA LTD,MARUTI,0.0002
HINDUSTAN UNILEVER LTD,HINDUNILVR,0.0002
PTC INC,PTC,0.0002
YUM CHINA HOLDINGS INC,9987,0.0002
EMIRATES TELECOM,EAND,0.0002
EXPEDITORS INTERNATIONAL OF WASHIN,EXPD,0.0002
DAIWA HOUSE INDUSTRY LTD,1925,0.0002
SOUTHERN COPPER CORP,SCCO,0.0002
HP INC,HPQ,0.0002
GENMAB,GMAB,0.0002
HOLOGIC INC,HOLX,0.0002
CEMEX CPO,CEMEXCPO,0.0002
BE SEMICONDUCTOR INDUSTRIES NV,BESI,0.0002
CELLNEX TELECOM,CLNX,0.0002
SHIONOGI LTD,4507,0.0002
TOURMALINE OIL CORP,TOU,0.0002
TELEFONICA SA,TEF,0.0002
SUZUKI MOTOR CORP,7269,0.0002
GEELY AUTOMOBILE HOLDINGS LTD,175,0.0002
EPIROC CLASS A,EPI A,0.0002
INTERNATIONAL PAPER,IP,0.0002
SNAM,SRG,0.0002
WEYERHAEUSER REIT,WY,0.0002
JULIUS BAER GRUPPE AG,BAER,0.0002
CHUNGHWA TELECOM LTD,2412,0.0002
LENNAR A CORP CLASS A,LEN,0.0002
FIRST QUANTUM MINERALS LTD,FM,0.0002
BANK OF IRELAND GROUP PLC,BIRG,0.0002
WR BERKLEY CORP,WRB,0.0002
SWISS PRIME SITE AG,SPSN,0.0002
COSTAR GROUP INC,CSGP,0.0002
LULULEMON ATHLETICA INC,LULU,0.0002
HELVETIA BALOISE HOLDING N AG,HBAN,0.0002
MALAYAN BANKING,MAYBANK,0.0002
TERUMO CORP,4543,0.0002
KAO CORP,4452,0.0002
WALMART DE MEXICO V,WALMEX*,0.0002
VAT GROUP AG,VACN,0.0002
INCYTE CORP,INCY,0.0002
LAS VEGAS SANDS CORP,LVS,0.0002
EDP ENERGIAS DE PORTUGAL SA,EDP,0.0002
ALFA LAVAL,ALFA,0.0002
SUN PHARMACEUTICAL INDUSTRIES LTD,SUNPHARMA,0.0002
NIPPON YUSEN,9101,0.0002
SAMSUNG C&T CORP,028260,0.0002
LOEWS CORP,L,0.0002
HYUNDAI MOBIS LTD,012330,0.0002
SUMITOMO REALTY & DEVELOPMENT LTD,8830,0.0002
BANCA MONTE DEI PASCHI DI SIENA SP,BMPS,0.0002
NTPC LTD,NTPC,0.0002
SGS SA,SGSN,0.0002
JB HUNT TRANSPORT SERVICES INC,JBHT,0.0002
MERCK,MRK,0.0002
CENTRAIS ELETR BRAS-ELETROBRAS SA,AXIA3,0.0002
CONTEMPORARY AMPEREX TECHNOLOGY LT,300750,0.0002
ESTEE LAUDER INC CLASS A,EL,0.0002
KAJIMA CORP,1812,0.0002
LASERTEC CORP,6920,0.0002
LUNDIN MINING CORP,LUN,0.0002
ITAUSA INVESTIMENTOS ITAU PREF SA,ITSA4,0.0002
SECOM LTD,9735,0.0002
TITAN COMPANY LTD,TITAN,0.0002
HALMA PLC,HLMA,0.0002
UPM-KYMMENE,UPM,0.0002
BHARAT ELECTRONICS LTD,BEL,0.0002
OBAYASHI CORP,1802,0.0002
WEG SA,WEGE3,0.0002
CDW CORP,CDW,0.0002
RELIANCE STEEL & ALUMINUM,RS,0.0002
ROLLINS INC,ROL,0.0002
E.SUN FINANCIAL HOLDING LTD,2884,0.0002
BANCO BPM,BAMI,0.0002
BALL CORP,BALL,0.0002
CLP HOLDINGS LTD,2,0.0002
HEICO CORP CLASS A,HEIA,0.0002
MEGA FINANCIAL HOLDING LTD,2886,0.0002
EMERA INC,EMA,0.0002
JACOBS SOLUTIONS INC,J,0.0002
BOMBARDIER INC CLASS B,BBD.B,0.0002
ASTERA LABS INC,ALAB,0.0002
NORSK HYDRO,NHY,0.0002
ESSEX PROPERTY TRUST REIT INC,ESS,0.0002
RENTOKIL INITIAL PLC,RTO,0.0002
WUXI BIOLOGICS CAYMAN INC,2269,0.0002
FIRST CITIZENS BANCSHARES INC CLAS,FCNCA,0.0002
STELLANTIS NV,STLAM,0.0002
NVR INC,NVR,0.0002
HCL TECHNOLOGIES LTD,HCLTECH,0.0002
CREDO TECHNOLOGY GROUP HOLDING LTD,CRDO,0.0002
CGI INC CLASS A,GIB.A,0.0002
HYDRO ONE LTD,H,0.0002
TS FINANCIAL HOLDING LTD,2887,0.0002
POSCO,005490,0.0002
SEKISUI HOUSE LTD,1928,0.0002
TRIMBLE INC,TRMB,0.0002
KIMCO REALTY REIT CORP,KIM,0.0002
KWEICHOW MOUTAI LTD A,600519,0.0002
KEPPEL LTD,BN4,0.0002
TELSTRA GROUP LTD,TLS,0.0002
AUD CASH,AUD,0.0002
METRO INC,MRU,0.0002
INNOVENT BIOLOGICS INC,1801,0.0002
MAGNA INTERNATIONAL INC,MG,0.0002
LOGITECH INTERNATIONAL SA,LOGN,0.0002
BOLIDEN,BOL,0.0002
INVITATION HOMES INC,INVH,0.0002
ASAHI GROUP HOLDINGS LTD,2502,0.0002
W. P. CAREY REIT INC,WPC,0.0002
TATA STEEL LTD,TATASTEEL,0.0002
ULTRATECH CEMENT LTD,ULTRACEMCO,0.0002
CIMB GROUP HOLDINGS,CIMB,0.0002
KUAISHOU TECHNOLOGY,1024,0.0002
PERNOD RICARD SA,RI,0.0002
SS AND C TECHNOLOGIES HOLDINGS INC,SSNC,0.0002
GENUINE PARTS,GPC,0.0002
ORIGIN ENERGY LTD,ORG,0.0002
ESSITY CLASS B,ESSITY B,0.0002
CARLISLE COMPANIES INC,CSL,0.0002
YUANTA FINANCIAL HOLDING LTD,2885,0.0002
INSULET CORP,PODD,0.0002
IDEX CORP,IEX,0.0002
UNIBAIL RODAMCO WE STAPLED UNITS,URW,0.0002
GRACO INC,GGG,0.0002
SOUTH32 LTD,S32,0.0002
OSAKA GAS LTD,9532,0.0002
SHRIRAM FINANCE LTD,SHFL,0.0002
THOMSON REUTERS CORP,TRI,0.0002
KANSAI ELECTRIC POWER INC,9503,0.0002
ADVANCED INFO SERVICE NON-VOTING D,ADVANC.R,0.0002
MID AMERICA APARTMENT COMMUNITIES,MAA,0.0002
KUBOTA CORP,6326,0.0002
SAUDI BASIC INDUSTRIES,2010,0.0002
TRADEWEB MARKETS INC CLASS A,TW,0.0002
COOPER INC,COO,0.0002
GLOBAL PAYMENTS INC,GPN,0.0002
REDDIT INC CLASS A,RDDT,0.0002
ZSCALER INC,ZS,0.0002
LENNOX INTERNATIONAL INC,LII,0.0002
KERRY GROUP PLC,KRZ,0.0002
ORSTED A/S,ORSTED,0.0002
BCO BTG PACTUAL UNT SA,BPAC11,0.0002
SUN COMMUNITIES REIT INC,SUI,0.0002
SINGAPORE TECHNOLOGIES ENGINEERING,S63,0.0002
DECKERS OUTDOOR CORP,DECK,0.0002
KAWASAKI HEAVY INDUSTRIES LTD,7012,0.0002
SMITH AND NEPHEW PLC,SN.,0.0002
TRANSUNION,TRU,0.0002
TYLER TECHNOLOGIES INC,TYL,0.0002
NEUROCRINE BIOSCIENCES INC,NBIX,0.0002
NORDSON CORP,NDSN,0.0002
MITSUI OSK LINES LTD,9104,0.0002
SAMSUNG ELECTRO MECHANICS LTD,009150,0.0002
POWER GRID CORPORATION OF INDIA LT,POWERGRID,0.0002
REVOLUTION MEDICINES INC,RVMD,0.0002
PENTAIR,PNR,0.0002
BANK RAKYAT INDONESIA (PERSERO),BBRI,0.0002
EIFFAGE SA,FGR,0.0002
HD HYUNDAI ELECTRIC LTD,267260,0.0002
COMPANHIA DE SANEAMENTO BASICO DE,SBSP3,0.0002
EQT,EQT,0.0002
ROCKET COMPANIES INC CLASS A,RKT,0.0002
PUBLIC BANK,PBBANK,0.0001
BEST BUY INC,BBY,0.0001
HINDALCO INDUSTRIES LTD,HINDALCO,0.0001
TAISEI CORP,1801,0.0001
CHOCOLADEFABRIKEN LINDT & SPRUENGL,LISN,0.0001
GEA GROUP AG,G1A,0.0001
OKTA INC CLASS A,OKTA,0.0001
TEXTRON INC,TXT,0.0001
BANDAI NAMCO HOLDINGS INC,7832,0.0001
WHITECAP RESOURCES INC,WCP,0.0001
DASSAULT SYSTEMES,DSY,0.0001
SEVERN TRENT PLC,SVT,0.0001
RIYAD BANK,1010,0.0001
ENDESA SA,ELE,0.0001
TOKYO GAS LTD,9531,0.0001
DSM FIRMENICH AG,DSFIR,0.0001
SIEMENS HEALTHINEERS AG,SHL,0.0001
WOORI FINANCIAL GROUP INC,316140,0.0001
PINNACLE FINANCIAL PARTNERS INC,PNFP,0.0001
AVERY DENNISON CORP,AVY,0.0001
JX ADVANCED METALS CORP,5016,0.0001
COCA COLA HBC AG,CCH,0.0001
GREAT WEST LIFECO INC,GWO,0.0001
PICC PROPERTY AND CASUALTY LTD H,2328,0.0001
SINOPAC FINANCIAL HOLDINGS LTD,2890,0.0001
SAMSUNG HEAVY INDUSTRIES LTD,010140,0.0001
EVEREST GROUP LTD,EG,0.0001
BANK PEKAO SA,PEO,0.0001
REGENCY CENTERS REIT CORP,REG,0.0001
AGEAS SA,AGS,0.0001
NESTE,NESTE,0.0001
FOX CORP CLASS A,FOXA,0.0001
EBARA CORP,6361,0.0001
BOUYGUES SA,EN,0.0001
DAIWA SECURITIES GROUP INC,8601,0.0001
AMBEV SA,ABEV3,0.0001
SINGAPORE EXCHANGE LTD,S68,0.0001
NOVA LTD,NVMI,0.0001
GRUPO CIBEST PREF SA,PFCIBEST,0.0001
MIZRAHI TEFAHOT BANK LTD,MZTF,0.0001
ANNALY CAPITAL MANAGEMENT REIT INC,NLY,0.0001
FISHER AND PAYKEL HEALTHCARE CORPO,FPH,0.0001
CLOROX,CLX,0.0001
WATSCO INC,WSO,0.0001
NITTO DENKO CORP,6988,0.0001
NAN YA PLASTICS CORP,1303,0.0001
EMBRAER SA,EMBJ3,0.0001
ALLEGION PLC,ALLE,0.0001
SENSETIME GROUP CLASS B INC,20,0.0001
MONCLER,MONC,0.0001
RIVIAN AUTOMOTIVE INC CLASS A,RIVN,0.0001
APTIV PLC,APTV,0.0001
ROGERS COMMUNICATIONS NON-VOTING I,RCI.B,0.0001
PTT NON-VOTING DR PCL,PTT.R,0.0001
KIRIN HOLDINGS LTD,2503,0.0001
SUMITOMO METAL MINING LTD,5713,0.0001
CHECK POINT SOFTWARE TECHNOLOGIES,CHKP,0.0001
RPM INTERNATIONAL INC,RPM,0.0001
TOAST INC CLASS A,TOST,0.0001
KGHM POLSKA MIEDZ SA,KGH,0.0001
AFFIRM HOLDINGS INC CLASS A,AFRM,0.0001
IMPALA PLATINUM LTD,IMP,0.0001
FINECOBANK BANCA FINECO,FBK,0.0001
TELIA COMPANY,TELIA,0.0001
CAPITALAND INTEGRATED COMMERCIAL T,CICT,0.0001
ROCHE HOLDING AG,RO,0.0001
AKER BP,AKRBP,0.0001
SUPER MICRO COMPUTER INC,SMCI,0.0001
NONGFU SPRING LTD H,9633,0.0001
ASAHI KASEI CORP,3407,0.0001
CHINA PETROLEUM AND CHEMICAL CORP,386,0.0001
DICKS SPORTING INC,DKS,0.0001
ANTA SPORTS PRODUCTS LTD,2020,0.0001
INSURANCE AUSTRALIA GROUP LTD,IAG,0.0001
GEORGE WESTON LTD,WN,0.0001
HENKEL & KGAA PREF AG,HEN3,0.0001
UNITED UTILITIES GROUP PLC,UU.,0.0001
TENARIS SA,TEN,0.0001
LG ENERGY SOLUTION LTD,373220,0.0001
ISRAEL DISCOUNT BANK LTD,DSCT,0.0001
GARTNER INC,IT,0.0001
SYMRISE AG,SY1,0.0001
MCCORMICK & CO NON-VOTING INC,MKC,0.0001
JAPAN EXCHANGE GROUP INC,8697,0.0001
SCENTRE GROUP,SCG,0.0001
ASUSTEK COMPUTER INC,2357,0.0001
DAIFUKU LTD,6383,0.0001
SAMSUNG BIOLOGICS LTD,207940,0.0001
CENTRICA PLC,CNA,0.0001
CHINA HONGQIAO GROUP LTD,1378,0.0001
HUBSPOT INC,HUBS,0.0001
CHOCOLADEFABRIKEN LINDT & SPRUENGL,LISP,0.0001
QATAR ISLAMIC BANK,QIBK,0.0001
DKK CASH,DKK,0.0001
LYNAS RARE EARTHS LTD,LYC,0.0001
KUEHNE UND NAGEL INTERNATIONAL AG,KNIN,0.0001
FIRST FINANCIAL HOLDING LTD,2892,0.0001
TELENOR,TEL,0.0001
WH GROUP LTD,288,0.0001
INDUSTRIVARDEN SERIES,INDU C,0.0001
IA FINANCIAL INC,IAG,0.0001
JACK HENRY AND ASSOCIATES INC,JKHY,0.0001
AECOM,ACM,0.0001
GODADDY INC CLASS A,GDDY,0.0001
GAMING AND LEISURE PROPERTIES REIT,GLPI,0.0001
HEICO CORP,HEI,0.0001
JARDINE MATHESON HOLDINGS LTD,J36,0.0001
ASPEED TECHNOLOGY INC,5274,0.0001
CARLSBERG AS CL B,CARL B,0.0001
WISTRON CORP,3231,0.0001
SCHINDLER HOLDING PAR AG,SCHP,0.0001
ENDEAVOUR MINING,EDV,0.0001
GALP ENERGIA SGPS SA CLASS B,GALP,0.0001
HEALTHPEAK PROPERTIES INC,DOC,0.0001
BAWAG GROUP AG,BG,0.0001
NIO CLASS A INC,9866,0.0001
SOCIEDAD QUIMICA Y MINERA DE CHILE,SQM.B,0.0001
SONOVA HOLDING AG,SOON,0.0001
FORTUM,FORTUM,0.0001
LINK REAL ESTATE INVESTMENT TRUST,823,0.0001
YAGEO CORP,2327,0.0001
PETRO RIO SA,PRIO3,0.0001
SUNCORP GROUP LTD,SUN,0.0001
T&D HOLDINGS INC,8795,0.0001
BUREAU VERITAS SA,BVI,0.0001
DOMINOS PIZZA INC,DPZ,0.0001
ATLASSIAN CORP CLASS A,TEAM,0.0001
CARREFOUR SA,CA,0.0001
SAMSUNG LIFE LTD,032830,0.0001
UDR REIT INC,UDR,0.0001
ARC RESOURCES LTD,ARX,0.0001
IBIDEN LTD,4062,0.0001
WASHINGTON H SOUL PATTINSON & COMP,SOL,0.0001
MASCO CORP,MAS,0.0001
INFORMA PLC,INF,0.0001
PAN PACIFIC INTERNATIONAL HOLDINGS,7532,0.0001
WIWYNN CORPORATION CORP,6669,0.0001
ALINMA BANK,1150,0.0001
KONAMI GROUP CORP,9766,0.0001
KRW CASH,KRW,0.0001
H WORLD GROUP ADR LTD,HTHT,0.0001
NATIONAL BANK OF GREECE SA,ETE,0.0001
STRAUMANN HOLDING AG,STMN,0.0001
OLYMPUS CORP,7733,0.0001
CHINA RESOURCES LAND LTD,1109,0.0001
PINTEREST INC CLASS A,PINS,0.0001
PZU SA,PZU,0.0001
SEGRO REIT PLC,SGRO,0.0001
GFL ENVIRONMENTAL SUBORDINATE VOTI,GFL,0.0001
IREN LTD,IREN,0.0001
ABSA GROUP LTD,ABG,0.0001
OMV AG,OMV,0.0001
CHINA PACIFIC INSURANCE (GROUP) LT,2601,0.0001
SAMSARA INC CLASS A,IOT,0.0001
TVS MOTOR COMPANY LTD,TVSMOTOR,0.0001
EQUATORIAL SA,EQTL3,0.0001
CARLYLE GROUP INC,CG,0.0001
ZTO EXPRESS (CAYMAN) INC,2057,0.0001
KINGSPAN GROUP PLC,KRX,0.0001
EURONEXT NV,ENX,0.0001
KT&G CORP,033780,0.0001
ORKLA,ORK,0.0001
YARA INTERNATIONAL,YAR,0.0001
LG CHEM LTD,051910,0.0001
POWER ASSETS HOLDINGS LTD,6,0.0001
BANKINTER SA,BKT,0.0001
HENNES & MAURITZ,HM B,0.0001
LI AUTO CLASS A INC,2015,0.0001
OIL AND NATURAL GAS LTD,ONGC,0.0001
ATKINSREALIS GROUP INC,ATRL,0.0001
NIDEC CORP,6594,0.0001
SABIC AGRI-NUTRIENTS,2020,0.0001
FIDELITY NATIONAL FINANCIAL INC,FNF,0.0001
DRAFTKINGS INC CLASS A,DKNG,0.0001
DELTA AIR LINES INC,DAL,0.0001
COMPUTERSHARE LTD,CPU,0.0001
NOMURA RESEARCH INSTITUTE LTD,4307,0.0001
XPENG CLASS A INC,9868,0.0001
EICHER MOTORS LTD,EICHERMOT,0.0001
ALTAGAS LTD,ALA,0.0001
BIZLINK HOLDING INC,3665,0.0001
CK ASSET HOLDINGS LTD,1113,0.0001
TOROMONT INDUSTRIES LTD,TIH,0.0001
ZEBRA TECHNOLOGIES CORP CLASS A,ZBRA,0.0001
METSO CORPORATION,METSO,0.0001
THE SAGE GROUP PLC,SGE,0.0001
CHUBU ELECTRIC POWER INC,9502,0.0001
TELECOM ITALIA,TIT,0.0001
TENAGA NASIONAL,TENAGA,0.0001
AEGON LTD,AGN,0.0001
PHOENIX FINANCIAL LTD,PHOE,0.0001
SIGMA HEALTHCARE LTD,SIG,0.0001
HEINEKEN HOLDING NV,HEIO,0.0001
UNI-PRESIDENT ENTERPRISES CORP,1216,0.0001
TRADE DESK INC CLASS A,TTD,0.0001
BANK MANDIRI (PERSERO),BMRI,0.0001
AKZO NOBEL NV,AKZA,0.0001
ECOPRO LTD,086520,0.0001
CCL INDUSTRIES INC CLASS B,CCL.B,0.0001
ASR NEDERLAND NV,ASRNL,0.0001
LENOVO GROUP LTD,992,0.0001
ITC LTD,ITC,0.0001
TECH MAHINDRA LTD,TECHM,0.0001
SEK CASH,SEK,0.0001
CP ALL NON-VOTING DR PCL,CPALL.R,0.0001
TORAY INDUSTRIES INC,3402,0.0001
CANADIAN UTILITIES LTD CLASS A,CU,0.0001
AKESO INC,9926,0.0001
STANTEC INC,STN,0.0001
SBI HOLDINGS INC,8473,0.0001
NEWS CORP CLASS A,NWSA,0.0001
SAPUTO INC,SAP,0.0001
GEN DIGITAL INC,GEN,0.0001
SMITHS GROUP PLC,SMIN,0.0001
ASELSAN ELEKTRONIK SANAYI VE TICAR,ASELS.E,0.0001
RYOHIN KEIKAKU LTD,7453,0.0001
KE HOLDINGS INC,2423,0.0001
SAUDI AWWAL BANK,1060,0.0001
ALTEOGEN INC,196170,0.0001
SOLVENTUM CORP,SOLV,0.0001
KGI FINANCIAL HOLDING LTD,2883,0.0001
HYUNDAI-ROTEM,064350,0.0001
MEDIBANK PRIVATE LTD,MPL,0.0001
CSPC PHARMACEUTICAL GROUP LTD,1093,0.0001
ABU DHABI COMMERCIAL BANK,ADCB,0.0001
HANWHA OCEAN LTD,042660,0.0001
EQUITABLE HOLDINGS INC,EQH,0.0001
ACCOR SA,AC,0.0001
CNH INDUSTRIAL N.V. NV,CNH,0.0001
HD HYUNDAI HEAVY INDUSTRIES LTD,329180,0.0001
SHIMIZU CORP,1803,0.0001
FRESENIUS MEDICAL CARE AG,FME,0.0001
KAKAO CORP,035720,0.0001
TELE2 B,TEL2 B,0.0001
NIPPON BUILDING FUND REIT INC,8951,0.0001
PEARSON PLC,PSON,0.0001
MOWI,MOWI,0.0001
TMX GROUP LTD,X,0.0001
GRUPO AEROPORTUARIO DEL PACIFICO,GAPB,0.0001
EUROBANK SA,EUROB,0.0001
YOKOHAMA FINANCIAL GROUP INC,7186,0.0001
BUNZL,BNZL,0.0001
KOREA AEROSPACE INDUSTRIES LTD,047810,0.0001
INTERGLOBE AVIATION LTD,INDIGO,0.0001
EUROFINS SCIENTIFIC,ERF,0.0001
MARKS AND SPENCER GROUP PLC,MKS,0.0001
EVOLUTION,EVO,0.0001
HONG KONG AND CHINA GAS LTD,3,0.0001
SANLAM LIMITED LTD,SLM,0.0001
GOLD CIRCUIT ELECTRONICS LTD,2368,0.0001
TRYG,TRYG,0.0001
KING YUAN ELECTRONICS LTD,2449,0.0001
GULF DEVELOPMENT NON-VOTING DR PCL,GULF.R,0.0001
LITE ON TECHNOLOGY CORP,2301,0.0001
POP MART INTERNATIONAL GROUP LTD,9992,0.0001
LATAM AIRLINES GROUP SA,LTM,0.0001
POSTE ITALIANE,PST,0.0001
TAIWAN COOPERATIVE FINANCIAL HOLDI,5880,0.0001
SAMSUNG FIRE & MARINE INSURANCE LT,000810,0.0001
HUA NAN FINANCIAL HOLDINGS LTD,2880,0.0001
DIVIS LABORATORIES LTD,DIVISLAB,0.0001
JENTECH PRECISION INDUSTRIAL LTD,3653,0.0001
JSW STEEL LTD,JSWSTEEL,0.0001
IONQ INC,IONQ,0.0001
COLOPLAST B,COLO B,0.0001
APA GROUP UNITS,APA,0.0001
ADDTECH CLASS B,ADDT B,0.0001
HONPRECISION INC,7769,0.0001
GILDAN ACTIVEWEAR INC,GIL,0.0001
FUJI ELECTRIC LTD,6504,0.0001
BRENNTAG,BNR,0.0001
FRESNILLO PLC,FRES,0.0001
LUNDIN GOLD INC,LUG,0.0001
SAINSBURY(J) PLC,SBRY,0.0001
CHINA CITIC BANK CORP LTD H,998,0.0001
SCHINDLER HOLDING AG,SCHN,0.0001
MELROSE INDUSTRIES PLC,MRO,0.0001
LS ELECTRIC LTD,010120,0.0001
UNIVERSAL HEALTH SERVICES INC CLAS,UHS,0.0001
WEST JAPAN RAILWAY,9021,0.0001
CAPITALAND ASCENDAS REIT,CLAR,0.0001
SCREEN HOLDINGS LTD,7735,0.0001
A P MOLLER MAERSK B,MAERSK B,0.0001
INTERTEK GROUP PLC,ITRK,0.0001
APOLLO HOSPITALS ENTERPRISE LTD,APOLLOHOSP,0.0001
HD KOREA SHIPBUILDING & OFFSHORE E,009540,0.0001
ALDAR PROPERTIES,ALDAR,0.0001
SIBANYE STILLWATER LTD,SSW,0.0001
VEDANTA LTD,VEDL,0.0001
SBI LIFE INSURANCE COMPANY LTD,SBILIFE,0.0001
TELEKOMUNIKASI INDONESIA,TLKM,0.0001
CEZ,CEZ,0.0001
INTERNATIONAL CONTAINER TERMINAL S,ICT,0.0001
THE LOTTERY CORPORATION LTD,TLC,0.0001
ASSOCIATED BRITISH FOODS PLC,ABF,0.0001
ELEMENT FLEET MANAGEMENT CORP,EFN,0.0001
COCHLEAR LTD,COH,0.0001
BUILDERS FIRSTSOURCE INC,BLDR,0.0001
UNIPOL ASSICURAZIONI SPA,UNI,0.0001
HYOSUNG HEAVY INDUSTRIES CORP,298040,0.0001
SKF B,SKF B,0.0001
ASTRA INTERNATIONAL,ASII,0.0001
PRESS METAL ALUMINIUM HOLDINGS,PMETAL,0.0001
INDUST PENOLES,PE&OLES*,0.0001
CAD CASH,CAD,0.0001
XERO LTD,XRO,0.0001
ASIAN PAINTS LTD,ASIANPAINT,0.0001
GALAXY ENTERTAINMENT GROUP LTD,27,0.0001
PTT EXPLORATION AND PRODUCTION NON,PTTEP.R,0.0001
CAE INC,CAE,0.0001
TFI INTERNATIONAL INC,TFII,0.0001
HARMONY GOLD MINING COMPANY LIMITE,HAR,0.0001
ADMIRAL GROUP PLC,ADM,0.0001
MIRAE ASSET SECURITIES CO LTD,006800,0.0001
KINGFISHER PLC,KGF,0.0001
ALSTOM SA,ALO,0.0001
BEIERSDORF AG,BEI,0.0001
SUBARU CORP,7270,0.0001
EPIROC CLASS B,EPI B,0.0001
COAL INDIA LTD,COALINDIA,0.0001
LOCALIZA RENT A CAR SA,RENT3,0.0001
OBIC LTD,4684,0.0001
QIAGEN NV,QIA,0.0001
BIM BIRLESIK MAGAZALAR A,BIMAS.E,0.0001
KEYERA CORP,KEY,0.0001
AIRPORTS OF THAILAND NON-VOTING DR,AOT.R,0.0001
DR REDDYS LABORATORIES LTD,DRREDDY,0.0001
CHINA MERCHANTS BANK LTD A,600036,0.0001
GETLINK,GET,0.0001
GRAB HOLDINGS LTD CLASS A,GRAB,0.0001
SKANSKA B,SKA B,0.0001
EISAI LTD,4523,0.0001
LG ELECTRONICS INC,066570,0.0001
BID CORPORATION LTD,BID,0.0001
NESTLE INDIA LTD,NESTLEIND,0.0001
TATA MOTORS LTD,TMCV,0.0001
LIFCO CLASS B,LIFCO B,0.0001
CMOC GROUP LTD,3993,0.0001
SINGAPORE AIRLINES LTD,C6L,0.0001
SHOPRITE HOLDINGS LTD,SHP,0.0001
M&G PLC,MNG,0.0001
REALTEK SEMICONDUCTOR CORP,2379,0.0001
KNORR BREMSE AG,KBX,0.0001
MAX HEALTHCARE INSTITUTE LTD,MAXHEALTH,0.0001
TELEFONICA BRASIL SA,VIVT3,0.0001
HONGKONG LAND HOLDINGS LTD,H78,0.0001
ALPHA BANK SA,ALPHA,0.0001
SHISEIDO LTD,4911,0.0001
CIPLA LTD,CIPLA,0.0001
BANCO COMERCIAL PORTUGUES SA,BCP,0.0001
UNITED AIRLINES HOLDINGS INC,UAL,0.0001
GROUPE BRUXELLES LAMBERT NV,GBLB,0.0001
DISCOVERY LTD,DSY,0.0001
SVENSKA CELLULOSA B,SCA B,0.0001
PIRAEUS BANK SA,TPEIR,0.0001
BAJAJ FINSERV LTD,BAJAJFINSV,0.0001
GRASIM INDUSTRIES LTD,GRASIM,0.0001
WEICHAI POWER LTD H,2338,0.0001
BANQUE SAUDI FRANSI,1050,0.0001
HUA HONG SEMICONDUCTOR LTD,1347,0.0001
HENKEL AG,HEN,0.0001
FOX CORP CLASS B,FOX,0.0001
BANK OF COMMUNICATIONS LTD H,3328,0.0001
ASX LTD,ASX,0.0001
CONTINENTAL AG,CON,0.0001
MITSUBISHI HC CAPITAL INC,8593,0.0001
NORTHAM PLATINUM HLDGS LTD,NPH,0.0001
DASSAULT AVIATION SA,AM,0.0001
SINO BIOPHARMACEUTICAL LTD,1177,0.0001
DAI NIPPON PRINTING LTD,7912,0.0001
TRENT LTD,TRENT,0.0001
NATURGY ENERGY GROUP SA,NTGY,0.0001
BANGKOK DUSIT MEDICAL SERVICES NON,BDMS.R,0.0001
BANCO DO BRASIL SA,BBAS3,0.0001
NEDBANK GROUP LTD,NED,0.0001
JBS N V NV CLASS A,JBS,0.0001
CAPCOM LTD,9697,0.0001
CENTRAL PATTANA NON-VOTING DR PCL,CPN.R,0.0001
HINDUSTAN AERONAUTICS LTD,HAL,0.0001
STOCKLAND STAPLED UNITS LTD,SGP,0.0001
CHINA MENGNIU DAIRY LTD,2319,0.0001
ADANI PORTS AND SPECIAL ECONOMIC Z,ADANIPORTS,0.0001
RENAULT SA,RNO,0.0001
WISE PLC CLASS A,WISE,0.0001
HANMI SEMICONDUCTOR LTD,042700,0.0001
JIO FINANCIAL SERVICES LTD,JIOFIN,0.0001
ORION CLASS B,ORNBV,0.0001
FUTU HOLDINGS ADR LTD,FUTU,0.0001
ABU DHABI ISLAMIC BANK,ADIB,0.0001
ETIHAD ETISALAT,7020,0.0001
STORA ENSO CLASS R,STERV,0.0001
CANADIAN TIRE LTD CLASS A,CTC.A,0.0001
JERONIMO MARTINS SA,JMT,0.0001
BELIMO N AG,BEAN,0.0001
RECORDATI INDUSTRIA CHIMICA E FARM,REC,0.0001
IDEMITSU KOSAN LTD,5019,0.0001
AVENUE SUPERMARTS LTD,DMART,0.0001
TATA CONSUMER PRODUCTS LTD,TATACONSUM,0.0001
BUENAVENTURA ADR REPRESENTING,BVN,0.0001
HYUNDAI ENGINEERING & CONSTRUCTION,000720,0.0001
ACWA POWER CO,2082,0.0001
POWER FINANCE CORPORATION LTD,PFC,0.0001
TRELLEBORG B,TREL B,0.0001
VICINITY CENTRES,VCX,0.0001
YANGZIJIANG SHIPBUILDING (HOLDINGS,BS6,0.0001
LUPIN LTD,LUPIN,0.0001
XP CLASS A INC,XP,0.0001
NICE LTD,NICE,0.0001
CHINA STEEL CORP,2002,0.0001
ITALGAS,IG,0.0001
VIBRA ENERGIA SA,VBBR3,0.0001
MERITZ FINANCIAL GROUP INC,138040,0.0001
SUZANO SA,SUZB3,0.0001
HULIC LTD,3003,0.0001
CAPITALAND INVESTMENT LTD,9CI,0.0001
AGC INC,5201,0.0001
AUCKLAND INTERNATIONAL AIRPORT LTD,AIA,0.0001
CHINA YANGTZE POWER LTD A,600900,0.0001
HANKYU HANSHIN HOLDINGS INC,9042,0.0001
WUXI APPTEC LTD H,2359,0.0001
BAJAJ AUTO LTD,BAJAJ.AUTO,0.0001
CHIBA BANK LTD,8331,0.0001
ZILLOW GROUP INC CLASS C,Z,0.0001
AISIN CORP,7259,0.0001
LY CORP,4689,0.0001
SECURITAS B,SECU B,0.0001
MTR CORPORATION CORP LTD,66,0.0001
SHIMANO INC,7309,0.0001
SCOUT24 N,G24,0.0001
RAKUTEN GROUP INC,4755,0.0001
LIG NEX1 LTD,079550,0.0001
MAGNUM ICE CREAM NV,MICC,0.0001
A P MOLLER MAERSK,MAERSK A,0.0001
OPEN TEXT CORP,OTEX,0.0001
NEW ORIENTAL EDUCATION & TECHNOLOG,9901,0.0001
ISUZU MOTORS LTD,7202,0.0001
MAKITA CORP,6586,0.0001
BYD LTD A,002594,0.0001
IPSEN SA,IPN,0.0001
HANSOH PHARMACEUTICAL GROUP LTD,3692,0.0001
ADANI POWER LTD,ADANIPOWER,0.0001
CHOLAMANDALAM INVESTMENT AND FINAN,CHOLAFIN,0.0001
CGN POWER LTD H,1816,0.0001
SARTORIUS PREF AG,SRT3,0.0001
GRUPO AEROPORTUARIO DEL SURESTE B,ASURB,0.0001
LI NING LTD,2331,0.0001
ETERNAL LTD,ETERNAL,0.0001
HORMEL FOODS CORP,HRL,0.0001
MITSUBISHI CHEMICAL GROUP CORP,4188,0.0001
YANKUANG ENERGY GROUP COMPANY LTD,1171,0.0001
UNICHARM CORP,8113,0.0001
BRITANNIA INDUSTRIES LTD,BRITANNIA,0.0001
HAIER SMART HOME CLASS H LTD H,6690,0.0001
SWEDISH ORPHAN BIOVITRUM,SOBI,0.0001
HANWHA SYSTEMS LTD,272210,0.0001
REDEIA CORPORACION SA,RED,0.0001
STANDARD LIFE PLC,SDLF,0.0001
ELISA,ELISA,0.0001
ELIA GROUP SA,ELI,0.0001
TATA MOTORS PASSENGER VEHICLES LTD,TMPV,0.0001
PORSCHE AUTOMOBIL HOLDING PREF,PAH3,0.0001
DAITO TRUST CONSTRUCTION LTD,1878,0.0001
HERO MOTOCORP LTD,HEROMOTOCO,0.0001
INFRATIL LTD,IFT,0.0001
KIKKOMAN CORP,2801,0.0001
AUTOTRADER GROUP PLC,AUTO,0.0001
ERIE INDEMNITY CLASS A,ERIE,0.0001
KING SLIDE WORKS LTD,2059,0.0001
JD HEALTH INTERNATIONAL INC,6618,0.0001
SASOL LTD,SOL,0.0001
THE SWATCH GROUP AG,UHR,0.0001
LAND SECURITIES GROUP REIT PLC,LAND,0.0001
KOREA ELECTRIC POWER CORP,015760,0.0001
EXOR NV,EXO,0.0001
SEKISUI CHEMICAL LTD,4204,0.0001
BMW PREF AG,BMW3,0.0001
MINEBEA MITSUMI INC,6479,0.0001
SITC INTERNATIONAL HOLDINGS LTD,1308,0.0001
ECOPRO BM LTD,247540,0.0001
INDUS TOWERS LTD,INDUSTOWER,0.0001
PERSISTENT SYSTEMS LTD,PERSISTENT,0.0001
BRL CASH,BRL,0.0001
HKT TRUST AND HKT UNITS LTD,6823,0.0001
SONIC HEALTHCARE LTD,SHL,0.0001
NOVATEK MICROELECTRONICS CORP,3034,0.0001
NEXON LTD,3659,0.0001
TELUS,T,0.0001
PING AN INSURANCE (GROUP) OF CHINA,601318,0.0001
TATA POWER LTD,TATAPOWER,0.0001
YAMAHA MOTOR LTD,7272,0.0001
NIPPON PAINT HOLDINGS LTD,4612,0.0001
EVERGREEN MARINE CORP (TAIWAN) LTD,2603,0.0001
BEIJER REF CLASS B,BEIJ B,0.0001
NIBE INDUSTRIER CLASS B,NIBE B,0.0001
SK INC,034730,0.0001
INTERNATIONAL AIRLINES GROUP SA,IAG,0.0001
SEIBU HOLDINGS INC,9024,0.0001
TAIWAN MOBILE LTD,3045,0.0001
GE VERNOVA T&D INDIA LTD,GVT&D,0.0001
ENN ENERGY HOLDINGS LTD,2688,0.0001
HENSOLDT AG,HAG,0.0001
CAR GROUP LTD,CAR,0.0001
TALANX AG,TLX,0.0001
LARGAN PRECISION LTD,3008,0.0001
LPP SA,LPP,0.0001
POSTAL SAVINGS BANK OF CHINA LTD H,1658,0.0001
TURKIYE PETROL RAFINERILERI A,TUPRS.E,0.0001
PANDORA,PNDORA,0.0001
ALUMINUM CORPORATION OF CHINA LTD,2600,0.0001
YOKOGAWA ELECTRIC CORP,6841,0.0001
KESKO CLASS B,KESKOB,0.0001
KOREA INVESTMENT HOLDINGS LTD,071050,0.0001
ZHAOJIN MINING INDUSTRY LTD H,1818,0.0001
HD HYUNDAI LTD,267250,0.0001
INDUTRADE,INDT,0.0001
CITIC LTD,267,0.0001
DEUTSCHE LUFTHANSA AG,LHA,0.0001
FOUNDER SECURITIES LTD A,601901,0.0001
BANCO DE CHILE,CHILE,0.0001
REMGRO LTD,REM,0.0001
CUMMINS INDIA LTD,CUMMINSIND,0.0001
VERBUND AG,VER,0.0001
RAIA DROGASIL,RADL3,0.0001
ZIJIN MINING GROUP LTD A,601899,0.0001
OOREDOO,ORDS,0.0001
CITIC SECURITIES LTD A,600030,0.0001
CSG CLASS A NV,CSG,0.0001
HOCHTIEF AG,HOT,0.0001
VARUN BEVERAGES LTD,VBL,0.0001
KAWASAKI KISEN LTD,9107,0.0001
IHH HEALTHCARE,IHH,0.0001
FORMOSA PLASTICS CORP,1301,0.0001
SONY FINANCIAL GROUP INC,8729,0.0001
FOXCONN INDUSTRIAL INTERNET LTD A,601138,0.0001
3SBIO INC,1530,0.0001
GRUPO FINANCIERO INBURSA SRIES O,GFINBURO,0.0001
CHINA RESOURCES BEER HOLDINGS LTD,291,0.0001
CONTEMPORARY AMPEREX TECHNOLOGY LT,3750,0.0001
DR SULAIMAN AL HABIB MEDICAL GRP,4013,0.0001
ALCHIP TECHNOLOGIES LTD,3661,0.0001
SGH LTD,SGH,0.0001
CHINA TOWER CORP LTD H,788,0.0001
NITORI HOLDINGS LTD,9843,0.0001
IVANHOE MINES LTD CLASS A,IVN,0.0001
HDFC LIFE INSURANCE COMPANY LTD,HDFCLIFE,0.0001
HYATT HOTELS CORP CLASS A,H,0.0001
HENDERSON LAND DEVELOPMENT LTD,12,0.0001
TOKYU CORP,9005,0.0001
GLOBAL UNICHIP CORP,3443,0.0001
LG CORP,003550,0.0001
INNOLUX CORP,3481,0.0001
SARTORIUS STEDIM BIOTECH SA,DIM,0.0001
SANRIO LTD,8136,0.0001
RAIFFEISEN BANK INTERNATIONAL AG,RBI,0.0001
SPIRAX GROUP PLC,SPX,0.0001
ZALANDO,ZAL,0.0001
SUNNY OPTICAL TECHNOLOGY LTD,2382,0.0001
ADNOC GAS PLC,ADNOCGAS,0.0001
PETRONAS GAS,PETGAS,0.0001
TENCENT MUSIC ENTERTAINMENT GROUP,TME,0.0001
WISETECH GLOBAL LTD,WTC,0.0001
ALMARAI,2280,0.0001
OKLO INC CLASS A,OKLO,0.0001
CHINA OVERSEAS LAND INVESTMENT LTD,688,0.0001
CHANG HWA COMMERCIAL BANK LTD,2801,0.0001
GRUPO CARSO SERIES A1,GCARSOA1,0.0001
THE PEOPLES INSURANCE CO (GROUP),1339,0.0001
INDUSTRIES QATAR,IQCD,0.0001
JFE HOLDINGS INC,5411,0.0001
SIAM CEMENT NON-VOTING DR PCL,SCC.R,0.0001
JIANGXI COPPER LTD H,358,0.0001
LOTES LTD,3533,0.0001
BANCO DE CREDITO E INVERSION,BCI,0.0001
PETRONAS CHEMICALS GROUP,PCHEM,0.0001
ZHONGJI INNOLIGHT LTD A,300308,0.0001
WIPRO LTD,WIPRO,0.0001
REDE DOR SAO LUIZ SA,RDOR3,0.0001
APR LTD,278470,0.0001
DESCARTES SYSTEMS GROUP INC,DSG,0.0001
BILIBILI INC,9626,0.0001
PRO MEDICUS LTD,PME,0.0001
NIPPON SANSO HOLDINGS CORP,4091,0.0001
PB FINTECH LTD,POLICYBZR,0.0001
BROOKFIELD RENEWABLE SUBORDINATE V,BEPC,0.0001
SANDS CHINA LTD,1928,0.0001
DR ING HC F PORSCHE PRF AG,P911,0.0001
CHAILEASE HOLDING LTD,5871,0.0001
FORMOSA CHEMICALS & FIBRE CORP,1326,0.0001
AKBANK A,AKBNK.E,0.0001
GDS HOLDINGS LTD CLASS A,9698,0.0001
PHARMAESSENTIA CORP,6446,0.0001
REA GROUP LTD,REA,0.0001
HIKARI TSUSHIN INC,9435,0.0001
LTIMINDTREE LTD,LTM,0.0001
BHARAT PETROLEUM LTD,BPCL,0.0001
TORRENT PHARMACEUTICALS LTD,TORNTPHARM,0.0001
DUBAI ELECTRICITY AND WATER AUTHOR,DEWA,0.0001
ZAR CASH,ZAR,0.0001
INDIAN HOTELS LTD,INDHOTEL,0.0001
TOPPAN HOLDINGS INC,7911,0.0001
COMMERCIAL INTERNATIONAL BANK EGYP,COMI,0.0001
TAIWAN BUSINESS BANK LTD,2834,0.0001
HYUNDAI GLOVIS LTD,086280,0.0001
FUYAO GLASS INDUSTRY GROUP LTD H,3606,0.0001
BOLLORE,BOL,0.0001
KLEPIERRE REIT SA,LI,0.0001
INTERNATIONAL GAMES SYSTEM LTD,3293,0.0001
POSCO FUTURE M LTD,003670,0.0001
NEMETSCHEK,NEM,0.0001
DAVIDE CAMPARI MILANO NV,CPR,0.0001
ICL GROUP LTD,ICL,0.0001
REXEL SA,RXL,0.0001
AGRICULTURAL BANK OF CHINA LTD A,601288,0.0001
ARCA CONTINENTAL,AC*,0.0001
BANK ALBILAD,1140,0.0001
WULIANGYE YIBIN LTD A,000858,0.0001
ASHOK LEYLAND LTD,ASHOKLEY,0.0001
TOHO (TOKYO) LTD,9602,0.0001
SNAP INC CLASS A,SNAP,0.0001
SANTANDER BANK POLSKA SA,SPL,0.0001
AVOLTA AG,AVOL,0.0001
CIA ENERGETICA DE MINAS GERAIS PRE,CMIG4,0.0001
JAPAN POST INSURANCE LTD,7181,0.0001
WHITBREAD PLC,WTB,0.0001
SHIMADZU CORP,7701,0.0001
BANCO SANTANDER CHILE,BSANTANDER,0.0001
NISSAN MOTOR LTD,7201,0.0001
ULTRAPAR PARTICIPOES SA,UGPA3,0.0001
DOOSAN CORP,000150,0.0001
CHEUNG KONG INFRASTRUCTURE HOLDING,1038,0.0001
AU SMALL FINANCE BANK LTD,AUBANK,0.0001
SHANGHAI COMMERCIAL LTD,5876,0.0001
DINO POLSKA SA,DNP,0.0001
SHENZHOU INTERNATIONAL GROUP LTD,2313,0.0001
TSURUHA HOLDINGS INC,3391,0.0001
PEPKOR HOLDINGS SHS LTD,PPH,0.0001
LEG IMMOBILIEN N,LEG,0.0001
BARRY CALLEBAUT AG,BARN,0.0001
CG POWER AND INDUSTRIAL SOLUTIONS,CGPOWER,0.0001
SODEXO SA,SW,0.0001
EMEMORY TECHNOLOGY INC,3529,0.0001
ZENSHO HOLDINGS LTD,7550,0.0001
SWIGGY LTD,SWIGGY,0.0001
NEW CHINA LIFE INSURANCE COMPANY L,1336,0.0001
TWD CASH,TWD,0.0001
KOMERCNI BANK,BAAKOMB,0.0001
CHINA RESOURCES POWER LTD,836,0.0001
SINO LAND LTD,83,0.0001
HLB INC,028300,0.0001
POLYCAB INDIA LTD,POLYCAB,0.0001
BDO UNIBANK INC,BDO,0.0001
BANCA MEDIOLANUM,BMED,0.0001
HKD CASH,HKD,0.0001
INFO EDGE INDIA LTD,NAUKRI,0.0001
ICICI LOMBARD GENERAL INSURANCE CO,ICICIGI,0.0001
SEMBCORP INDUSTRIES LTD,U96,0.0001
BC VAUD N,BCVN,0.0001
M3 INC,2413,0.0001
QANTAS AIRWAYS LTD,QAN,0.0001
DB ISLAMIC BANK,DIB,0.0001
MOL HUNGARIAN OIL AND GAS,MOL,0.0
FIRSTSERVICE SUBORDINATE VOTING CO,FSV,0.0
ENTAIN PLC,ENT,0.0
GERDAU PREF SA,GGBR4,0.0
SK INNOVATION LTD,096770,0.0
REC,RECLTD,0.0
MATSUKIYOKARA,3088,0.0
COSCO SHIPPING HOLDINGS LTD H,1919,0.0
ALLEGRO SA,ALE,0.0
PIDILITE INDUSTRIES LTD,PIDILITIND,0.0
PRESIDENT CHAIN STORE CORP,2912,0.0
TAIWAN CEMENT LTD,1101,0.0
EMS-CHEMIE HOLDING AG,EMSN,0.0
GRUPO BIMBO A,BIMBOA,0.0
MMG LTD,1208,0.0
GRUPO AEROPORTUARIO DEL CENTRO NOR,OMAB,0.0
MIDEA GROUP LTD CLASS H,300,0.0
SINOTRUK (HONG KONG) LTD,3808,0.0
RUMO SA,RAIL3,0.0
EOPTOLINK TECHNOLOGY INC LTD A,300502,0.0
AZRIELI GROUP LTD,AZRG,0.0
MOTIVA INFRAESTRUTURA DE MOBILIDAD,MOTV3,0.0
INDUSIND BANK LTD,INDUSINDBK,0.0
MOBILE TEL,ZAIN,0.0
TIM SA,TIMS3,0.0
WHARF REAL ESTATE INVESTMENT COMPA,1997,0.0
VIPSHOP HOLDINGS SPONSORED ADS REP,VIPS,0.0
CONTACT ENERGY LTD,CEN,0.0
TRUE CORPORATION NON-VOTING DR PCL,TRUE.R,0.0
BOUBYAN BANK,BOUBYAN,0.0
HDFC ASSET MANAGEMENT COMPANY LTD,HDFCAMC,0.0
VANGUARD INTERNATIONAL SEMICONDUCT,5347,0.0
INDRA SISTEMAS SA,IDR,0.0
ADVANTECH LTD,2395,0.0
ACCIONA SA,ANA,0.0
KOC HOLDING A,KCHOL.E,0.0
CENTRAIS ELET BRAS PRF SA,AXIA7,0.0
ZHEN DING TECHNOLOGY HOLDING LTD,4958,0.0
MYR CASH,MYR,0.0
ADNOC DRILLING COMPANY,ADNOCDRILL,0.0
CITIC SECURITIES COMPANY LTD H,6030,0.0
PEGATRON CORP,4938,0.0
MUTHOOT FINANCE LTD,MUTHOOTFIN,0.0
GODREJ CONSUMER PRODUCTS LTD,GODREJCP,0.0
TIS INC,3626,0.0
BB SEGURIDADE SA,BBSE3,0.0
FAR EASTONE TELECOMMUNICATIONS LTD,4904,0.0
EDP RENOVAVEIS SA,EDPR,0.0
S.F. HOLDING LTD A,002352,0.0
LOTUS BAKERIES NV,LOTB,0.0
FORTIS HEALTHCARE LTD,FORTIS,0.0
SM PRIME HOLDINGS INC,SMPH,0.0
ARAB NATIONAL BANK,1080,0.0
ONE COMMUNICATIONS LTD,PAYTM,0.0
WILMAR INTERNATIONAL LTD,F34,0.0
KANZHUN AMERICAN DEPOSITORY SHARES,BZ,0.0
BHARAT FORGE LTD,BHARATFORG,0.0
SYSMEX CORP,6869,0.0
DLF LTD,DLF,0.0
FORTUNE ELECTRIC LTD,1519,0.0
CHINA MERCHANTS SECURITIES LTD A,600999,0.0
CAMBRICON TECHNOLOGIES CORPORATION,688256,0.0
AMMB HOLDINGS,AMBANK,0.0
GREAT WALL MOTOR COMPANY LTD H,2333,0.0
COCA-COLA FEMSA CLASS UBL UNITS,KOFUBL,0.0
INDIAN OIL CORP LTD,IOC,0.0
HAVELLS INDIA LTD,HAVELLS,0.0
CHINA TAIPING INSURANCE HLDGS LTD,966,0.0
UNITED SPIRITS LTD,UNITDSPR,0.0
PUBLIC POWER CORPORATION SA,PPC,0.0
DIAN SWASTATIKA SENTOSA,DSSA,0.0
HORIZON ROBOTICS,9660,0.0
TOTVS SA,TOTS3,0.0
ZIJIN GOLD INTERNATIONAL LTD,2259,0.0
MARICO LTD,MARICO,0.0
BANK NEGARA INDONESIA,BBNI,0.0
FINANCIERE DE TUBIZE SA,TUB,0.0
EMPIRE LTD CLASS A,EMP.A,0.0
EMAAR DEVELOPMENT,EMAARDEV,0.0
KRAFTON INC,259960,0.0
TURK HAVA YOLLARI AO A,THYAO.E,0.0
CHINA COAL ENERGY LTD H,1898,0.0
PROLOGIS PROPERTY MEXICO REIT,FIBRAPL14,0.0
JINDAL STEEL LTD,JINDALSTEL,0.0
SOLAR INDUSTRIES INDIA LTD,SOLARINDS,0.0
SUNTORY BEVERAGE & FOOD LTD,2587,0.0
GAIL INDIA LTD,GAIL,0.0
CHINA GOLD INTERNATIONAL RESOURCES,2099,0.0
DIXON TECHNOLOGIES (INDIA) LTD,DIXON,0.0
OTSUKA CORP,4768,0.0
DELIVERY HERO,DHER,0.0
HOTAI MOTOR LTD,2207,0.0
ENEVA SA,ENEV3,0.0
TAL EDUCATION GROUP ADR REPTG,TAL,0.0
SWIRE PACIFIC LTD A,19,0.0
HYBE LTD,352820,0.0
SAMVARDHANA MOTHERSON INTERNATIONA,MOTHERSON,0.0
HYUNDAI MOTOR S2 PREF,005387,0.0
BANK OF THE PHILIPPINE ISLANDS,BPI,0.0
INPOST SA,INPST,0.0
BUZZI,BZU,0.0
HUANENG POWER INTERNATIONAL INC H,902,0.0
SK TELECOM LTD,017670,0.0
AUROBINDO PHARMA LTD,AUROPHARMA,0.0
PLN CASH,PLN,0.0
BANK OF COMMUNICATIONS LTD A,601328,0.0
HYGON INFORMATION TECHNOLOGY LTD A,688041,0.0
OUTSURANCE GROUP LTD,OUT,0.0
SUZLON ENERGY LTD,SUZLON,0.0
BIDVEST GROUP LTD,BVT,0.0
HELLENIC TELECOMMUNICATIONS ORGANI,HTO,0.0
BIOMERIEUX SA,BIM,0.0
HITACHI ENERGY INDIA LTD,POWERINDIA,0.0
FASTIGHETS BALDER CLASS B,BALD B,0.0
MARFRIG GLOBAL FOODS SA,MBRF3,0.0
SHANDONG GOLD MINING LTD H,1787,0.0
FIBRA UNO ADMINISTRACION REIT,FUNO11,0.0
CD PROJEKT SA,CDR,0.0
SYENSQO NV,SYENS,0.0
NAURA TECHNOLOGY GROUP LTD A,002371,0.0
APL APOLLO TUBES LTD,APLAPOLLO,0.0
GJENSIDIGE FORSIKRING,GJF,0.0
KUNLUN ENERGY LTD,135,0.0
AIRTAC INTERNATIONAL GROUP,1590,0.0
CHINA INTERNATIONAL CAPITAL CORP L,3908,0.0
CENCOSUD SA,CENCOSUD,0.0
LUXSHARE PRECISION INDUSTRY LTD A,002475,0.0
NARI TECHNOLOGY LTD A,600406,0.0
BKW N AG,BKW,0.0
BARRATT REDROW PLC,BTRW,0.0
DIETEREN (D) SA,DIE,0.0
SAGAX CLASS B,SAGA B,0.0
CHINA MOLYBDENUM LTD A,603993,0.0
HONG LEONG BANK,HLBANK,0.0
FALABELLA SACI SA,FALABELLA,0.0
INDUSTRIAL AND COMMERCIAL BANK OF,601398,0.0
HENAN SHUANGHUI INVESTMENT & DEVEL,000895,0.0
AMUNDI SA,AMUN,0.0
COMMERCIAL BANK OF QATAR,CBQK,0.0
CTS EVENTIM AG,EVD,0.0
GF SECURITIES LTD A,000776,0.0
CHINA RESOURCES MIXC LIFESTYLE SER,1209,0.0
CHINA GALAXY SECURITIES LTD H,6881,0.0
ABB INDIA LTD,ABB,0.0
SRF LTD,SRF,0.0
HUATAI SECURITIES LTD H,6886,0.0
WUXI XDC CAYMAN INC,2268,0.0
GANFENG LITHIUM LTD H,1772,0.0
ALIBABA HEALTH INFORMATION TECH LT,241,0.0
GAMUDA,GAMUDA,0.0
SAM YANG FOODS INC,003230,0.0
CIA PARANAENSE DE ENERGIA COPEL,CPLE3,0.0
EVONIK INDUSTRIES AG,EVK,0.0
AL-ELM INFORMATION SECURITY COMPAN,7203,0.0
GUANGDONG INVESTMENT LTD,270,0.0
TUBE INVESTMENTS OF INDIA LTD,TIINDIA,0.0
GECINA SA,GFC,0.0
SCHRODERS PLC,SDR,0.0
SALIK COMPANY P.J.S.C,SALIK,0.0
SAUDI ENERGY,5110,0.0
GUOTAI HAITONG SECURITIES LTD A,601211,0.0
VODACOM GROUP LTD,VOD,0.0
CHINA INTERNATIONAL CAPITAL CORP L,601995,0.0
REINET INVESTMENTS S.C.A.,RNI,0.0
VOLTAS LTD,VOLTAS,0.0
ZHUZHOU CRRC TIMES ELECTRIC LTD H,3898,0.0
PHOENIX MILLS LTD,PHOENIXLTD,0.0
COSCO SHIPPING ENERGY TRANSPORTATI,600026,0.0
WANT WANT CHINA HOLDINGS LTD,151,0.0
SALMAR,SALM,0.0
QATAR GAS TRANSPORT COMPANY LTD,QGTS,0.0
WANHUA CHEMICAL GROUP LTD A,600309,0.0
ADANI ENTERPRISES LTD,ADANIENT,0.0
HAIDILAO INTERNATIONAL HOLDING LTD,6862,0.0
AMMAN MINERAL INTERNASIONAL,AMMN,0.0
CHAROEN POKPHAND FOODS NON-VOTING,CPF.R,0.0
RATIONAL AG,RAA,0.0
JIANGSU HENGRUI MEDICINE LTD A,600276,0.0
AMBUJA CEMENTS LTD,AMBUJACEM,0.0
HMM LTD,011200,0.0
COMPAL ELECTRONICS INC,2324,0.0
SAMSUNG SDS LTD,018260,0.0
ZOZO INC,3092,0.0
SUNWAY BHD,SWB,0.0
CHINA PETROLEUM & CHEMICAL CORP A,600028,0.0
SIEMENS LTD,SIEMENS,0.0
CHINA MINSHENG BANKING CORP LTD H,1988,0.0
INDUSTRIAL BANK LTD A,601166,0.0
FSN E-COMMERCE VENTURES LTD,NYKAA,0.0
YUHAN CORP,000100,0.0
ANA HOLDINGS INC,9202,0.0
MIDEA GROUP LTD A,000333,0.0
AAC TECHNOLOGIES HOLDINGS INC,2018,0.0
CLICKS GROUP LTD,CLS,0.0
WAAREE ENERGIES LTD,WAAREEENER,0.0
GUOTAI HAITONG SECURITIES CO LTD H,2611,0.0
GIGABYTE TECHNOLOGY LTD,2376,0.0
BSE LTD,BSE,0.0
BANK OF BARODA LTD,BANKBARODA,0.0
AIRTEL AFRICA PLC,AAF,0.0
CRRC CORP LTD H,1766,0.0
DB INSURANCE LTD,005830,0.0
LUNDBERGFORETAGEN CLASS B,LUND B,0.0
E INK HOLDINGS INC,8069,0.0
HYUNDAI MOTOR INDIA LTD,HYUNDAI,0.0
UPL LTD,UPL,0.0
KINGDEE INT L SOFTWARE GROUP LTD,268,0.0
EMPRESAS COPEC SA,COPEC,0.0
ZHEJIANG LEAPMOTOR TECHNOLOGY LTD,9863,0.0
MONDAYCOM LTD,MNDY,0.0
JUMBO SA,BELA,0.0
GRIFOLS SA CLASS A,GRF,0.0
SUNDARAM FINANCE LTD,SUNDARMFIN,0.0
GEDEON RICHTER,RICHTER,0.0
CATCHER TECHNOLOGY LTD,2474,0.0
JINDAL STAINLESS LTD,JSL,0.0
KYOWA KIRIN LTD,4151,0.0
TURKCELL ILETISIM HIZMETLERI A,TCELL.E,0.0
J&T GLOBAL EXPRESS LTD,1519,0.0
TSINGTAO BREWERY LTD H,168,0.0
SOFINA SA,SOF,0.0
GLOBALWAFERS LTD,6488,0.0
RANDSTAD HOLDING,RAND,0.0
BUPA ARABIA,8210,0.0
ALLWYN AG,ALWN,0.0
INVENTEC CORP,2356,0.0
IGM FINANCIAL INC,IGM,0.0
MASRAF AL RAYAN,MARK,0.0
STONECO LTD CLASS A,STNE,0.0
SINOPHARM GROUP LTD H,1099,0.0
BANK MILLENNIUM SA,MIL,0.0
MERIDIAN ENERGY LTD,MEL,0.0
GMR AIRPORTS LTD,GMRAIRPORT,0.0
JD LOGISTICS INC,2618,0.0
ILS CASH,ILS,0.0
MANKIND PHARMA LTD,MANKIND,0.0
RHB BANK,RHBBANK,0.0
HOLMEN CLASS B,HOLM B,0.0
QINGHAI SALT LAKE INDUSTRY LTD A,000792,0.0
YANG MING MARINE TRANSPORT CORP,2609,0.0
LATOUR INVESTMENT CLASS B,LATO B,0.0
TINGYI (CAYMAN ISLANDS) HOLDINGS C,322,0.0
MXN CASH,MXN,0.0
ANHUI CONCH CEMENT LTD H,914,0.0
KLABIN UNITS SA,KLBN11,0.0
CHINA MERCHANTS PORT HOLDINGS LTD,144,0.0
ADVANCED MICRO-FABRICATION EQUIPME,688012,0.0
ASIA CEMENT CORP,1102,0.0
ZHEJIANG NHU LTD A,002001,0.0
YES BANK LTD,YESBANK,0.0
MONOTARO LTD,3064,0.0
THB CASH,THB,0.0
HINDUSTAN PETROLEUM CORP LTD,HINDPETRO,0.0
UNITED TRACTORS,UNTR,0.0
ADNOC LOGISTICS & SERVICES PLC,ADNOCLS,0.0
CNH CASH,CNH,0.0
KINGSOFT LTD,3888,0.0
CPFL ENERGIA SA,CPFE3,0.0
TRY CASH,TRY,0.0
DAR AL ARKAN REAL ESTATE DEVELOPME,4300,0.0
CVC CAPITAL PARTNERS PLC,CVC,0.0
INDUSTRIVARDEN A,INDU A,0.0
HENGAN INTERNATIONAL GROUP LTD,1044,0.0
AYALA LAND INC,ALI,0.0
TONGCHENG TRAVEL HOLDINGS LTD,780,0.0
MABANEE COMPANY,MABANEE,0.0
CZK CASH,CZK,0.0
JSW ENERGY LTD,JSWENERGY,0.0
YTL POWER INTERNATIONAL,YTLPOWR,0.0
BEIJING ENTERPRISES HOLDINGS LTD,392,0.0
UBTECH ROBOTICS CORP LTD H,9880,0.0
GUANGZHOU BAIYUNSHAN PHARMACEUTICA,600332,0.0
WHARF (HOLDINGS) LTD,4,0.0
SUZHOU DONGSHAN PRECISION MANUFACT,002384,0.0
GOTO GOJEK TOKOPEDIA,GOTO,0.0
EVA AIRWAYS CORP,2618,0.0
LG DISPLAY LTD,034220,0.0
CELCOMDIGI,CDB,0.0
CHINA OILFIELD SERVICES LTD H,2883,0.0
CHINA SHENHUA ENERGY LTD A,601088,0.0
SICHUAN KELUN-BIOTECH BIOPHARMACEU,6990,0.0
VISHAL MEGA MART LTD,VMM,0.0
ABU DHABI NATIONAL OIL COMPANY FOR,ADNOCDIST,0.0
BEIJING-SHANGHAI HIGH SPEED RAILWA,601816,0.0
S-OIL CORP,010950,0.0
CHINA RAILWAY GROUP LTD H,390,0.0
NINGXIA BAOFENG ENERGY GROUP LTD A,600989,0.0
JABAL OMAR DEVELOPMENT,4250,0.0
BHARAT HEAVY ELECTRICALS LTD,BHEL,0.0
BANCO BRADESCO SA,BBDC3,0.0
ALFA A,SIGMAFA,0.0
NHPC LTD,NHPC,0.0
MBANK SA,MBK,0.0
SHANGHAI PUDONG DEVELOPMENT BANK L,600000,0.0
CHINA RUYI HOLDINGS LTD,136,0.0
FOSHAN HAI TIAN FLAVOURING & FOOD,603288,0.0
WUXI APPTEC LTD A,603259,0.0
SIEMENS ENERGY INDIA LTD,ENRIN,0.0
BOSCH LTD,BOSCHLTD,0.0
POSTAL SAVINGS BANK OF CHINA LTD A,601658,0.0
BUMI RESOURCES MINERALS,BRMS,0.0
GRUMA,GRUMAB,0.0
CALIWAY BIOPHARMACEUTICALS LTD,6919,0.0
TORRENT POWER LTD,TORNTPOWER,0.0
GUOLIAN MINSHENG SECURITIES LTD A,601456,0.0
ADITYA BIRLA CAPITAL LTD,ABCAPITAL,0.0
COROMANDEL INTERNATIONAL LTD,COROMANDEL,0.0
YADEA GROUP HOLDINGS LTD,1585,0.0
NOK CASH,NOK,0.0
TSINGTAO BREWERY LTD A,600600,0.0
CHOW TAI FOOK JEWELLERY GROUP LTD,1929,0.0
DEMANT,DEMANT,0.0
SM INVESTMENTS CORP,SM,0.0
EAST MONEY INFORMATION LTD A,300059,0.0
BANK ALJAZIRA,1020,0.0
BYD ELECTRONIC (INTERNATIONAL) LTD,285,0.0
MISC,MISC,0.0
KIMBERLY-CLARK DE MEXICO CLASS A,KIMBERA,0.0
SANY HEAVY INDUSTRY LTD A,600031,0.0
L&T FINANCE LTD,LTF,0.0
SICHUAN CHUANTOU ENERGY LTD A,600674,0.0
ALKEM LABORATORIES LTD,ALKEM,0.0
HESAI GROUP CLASS B,2525,0.0
HACI OMER SABANCI HOLDING A,SAHOL.E,0.0
SAMSUNG EPIS HOLDINGS LTD,0126Z0,0.0
AEROPORTS DE PARIS SA,ADP,0.0
CHINA POWER INTERNATIONAL DEVELOPM,2380,0.0
NMDC LTD,NMDC,0.0
CHINA GAS HOLDINGS LTD,384,0.0
NEPI ROCKCASTLE NV,NRP,0.0
UNION BANK OF INDIA LTD,UNIONBANK,0.0
AMOREPACIFIC CORP,090430,0.0
POSCO INTERNATIONAL CORP,047050,0.0
ZHONGJIN GOLD CORP LTD A,600489,0.0
TELEKOM MALAYSIA,TM,0.0
BUDIMEX SA,BDX,0.0
MAKKAH CONSTRUCTION AND DEVELOPMEN,4100,0.0
HENGTONG OPTIC ELECTRIC LTD A,600487,0.0
ORIENT OVERSEAS (INTERNATIONAL) LT,316,0.0
SHREE CEMENT LTD,SHREECEM,0.0
CHINA PACIFIC INSURANCE (GROUP) LT,601601,0.0
P.I. INDUSTRIES LTD,PIIND,0.0
SHENZHEN MINDRAY BIO-MEDICAL ELECT,300760,0.0
VODAFONE IDEA LTD,IDEA,0.0
TBEA LTD A,600089,0.0
BOC AVIATION LTD,2588,0.0
MAXIS,MAXIS,0.0
REMEGEN LTD H,9995,0.0
ROCKWOOL CLASS B,ROCK B,0.0
JAPAN AIRLINES LTD,9201,0.0
YANKUANG ENERGY GROUP LTD A,600188,0.0
CHINA RESOURCES GAS GROUP LTD,1193,0.0
PING AN BANK LTD A,000001,0.0
GCL TECHNOLOGY HOLDINGS LTD,3800,0.0
ZTE CORP H,763,0.0
CANARA BANK LTD,532483,0.0
YUNNAN BAIYAO GROUP LTD A,000538,0.0
JIANGSU EXPRESSWAY LTD H,177,0.0
SHENWAN HONGYUAN GROUP LTD A,000166,0.0
PUNJAB NATIONAL BANK,PNB,0.0
XCMG CONSTRUCTION MACHINERY LTD A,000425,0.0
HANKOOK TIRE & TECHNOLOGY LTD,161390,0.0
INNER MONGOLIA YILI INDUSTRIAL GRO,600887,0.0
WARBABANK,WARBABANK,0.0
DABUR INDIA LTD,DABUR,0.0
CHINA THREE GORGES RENEWABLES(GROU,600905,0.0
CHINA NATIONAL BUILDING MATERIAL L,3323,0.0
KAKAOBANK CORP,323410,0.0
ASTRAL LTD,ASTRAL,0.0
PGE POLSKA GRUPA ENERGETYCZNA SA,PGE,0.0
BAJAJ HOLDINGS AND INVESTMENT LTD,BAJAJHLDNG,0.0
PAGE INDUSTRIES LTD,PAGEIND,0.0
FAR EASTERN NEW CENTURY CORP,1402,0.0
MEITU INC,1357,0.0
ZHEJIANG CENTURY HUATONG GROUP LTD,002602,0.0
CHANDRA ASRI PACIFIC,TPIA,0.0
AIR ARABIA,AIRARABIA,0.0
BANK OF SHANGHAI LTD A,601229,0.0
COLGATE PALMOLIVE INDIA LTD,COLPAL,0.0
WUS PRINTED CIRCUIT (KUNSHAN) LTD,002463,0.0
JD SPORTS FASHION PLC,JD.,0.0
ENEL CHILE SA,ENELCHILE,0.0
MRF LTD,MRF,0.0
OIL INDIA LTD,OIL,0.0
BANK OF NINGBO LTD A,002142,0.0
SUPREME INDUSTRIES LTD,SUPREMEIND,0.0
DUKHAN BANK,DUBK,0.0
KALYAN JEWELLERS INDIA LTD,KALYANKJIL,0.0
CHINA LONGYUAN POWER GROUP CORP LT,916,0.0
AL MOUWASAT MEDICAL SERVICES,4002,0.0
SUNGROW POWER SUPPLY LTD A,300274,0.0
BAOSHAN IRON & STEEL LTD A,600019,0.0
PETROCHINA LTD A,601857,0.0
ZANGGE MINING LTD A,000408,0.0
BANK OF CHINA LTD A,601988,0.0
GIGADEVICE SEMICONDUCTOR INC A,603986,0.0
GENSCRIPT BIOTECH CORP,1548,0.0
CHINA NORTHERN RARE EARTH (GROUP),600111,0.0
SMOORE INTERNATIONAL HOLDINGS LTD,6969,0.0
CYBERARK SOFTWARE CONTRA,-,0.0
TURKIYE IS BANKASI C,ISCTR.E,0.0
VERSIGENT PLC,VGNT,0.0
ADES HOLDING CO,2382,0.0
YANBU NATIONAL PETROCHEMICALS,2290,0.0
JIANGSU HENGLI HYDRAULIC LTD A,601100,0.0
AED CASH,AED,0.0
SHAANXI COAL INDUSTRY LTD A,601225,0.0
XIAMEN TUNGSTEN LTD A,600549,0.0
LODHA DEVELOPERS LTD,LODHA,0.0
SANAN OPTOELECTRONICS LTD A,600703,0.0
CHINA NATIONAL NUCLEAR POWER LTD A,601985,0.0
PRESTIGE ESTATES PROJECTS LTD,PRESTIGE,0.0
CHINA CONSTRUCTION BANK CORP A,601939,0.0
SHANXI XINGHUACUN FEN WINE FACTORY,600809,0.0
MUYUAN FOODS LTD A,002714,0.0
IDFC FIRST BANK LTD,IDFCFIRSTB,0.0
BOSIDENG INTERNATIONAL LTD,3998,0.0
CHAROEN POKPHAND INDONESIA,CPIN,0.0
BARITO RENEWABLES ENERGY,BREN,0.0
SDIC POWER HOLDINGS LTD A,600886,0.0
MAPFRE SA,MAP,0.0
BANK OF JIANGSU CORPORATION LTD A,600919,0.0
XINYI SOLAR HOLDINGS LTD,968,0.0
CHINA EVERBRIGHT BANK LTD A,601818,0.0
CHINA GALAXY SECURITIES LTD A,601881,0.0
THE COOPERATIVE INSURANCE,8010,0.0
OBEROI REALTY LTD,OBEROIRLTY,0.0
BCE INC,BCE,0.0
ZABKA GROUP SOCIETE ANONYME SA,ZAB,0.0
TECO ELECTRIC & MACHINERY LTD,1504,0.0
LAOPU GOLD LTD H,6181,0.0
LONGI GREEN ENERGY TECHNOLOGY LTD,601012,0.0
WAN HAI LINES LTD,2615,0.0
JUBILANT FOODWORKS LTD,JUBLFOOD,0.0
NEW CHINA LIFE INSURANCE LTD A,601336,0.0
ICICI PRUDENTIAL LIFE INSURANCE CO,ICICIPRULI,0.0
EREGLI DEMIR VE CELIK FABRIKALARI,EREGL.E,0.0
SHENNAN CIRCUITS LTD A,002916,0.0
CHINA CSSC HOLDINGS LTD A,600150,0.0
COVIVIO SA,COV,0.0
YAPI VE KREDI BANKASI A,YKBNK.E,0.0
PIOTECH INC A,688072,0.0
LINGYI ITECH (GUANGDONG) A,002600,0.0
SUZHOU TFC OPTICAL COMMUNICATION L,300394,0.0
KUALA LUMPUR KEPONG,KLK,0.0
SK BIOPHARMACEUTICALS LTD,326030,0.0
ZYDUS LIFESCIENCES LTD,ZYDUSLIFE,0.0
TELECOM ITALIA S.P.A.,TITR,0.0
YANTAI JEREH OILFIELD SERVICES GRO,002353,0.0
HENGLI PETROCHEMICAL LTD A,600346,0.0
MONTAGE TECHNOLOGY LTD A,688008,0.0
METROPOLITAN BANK AND TRUST CO,MBT,0.0
LONGFOR GROUP HOLDINGS LTD,960,0.0
LUZHOU LAO JIAO LTD A,000568,0.0
WENS FOODSTUFF GROUP LTD,300498,0.0
CHONGQING RURAL COMMERCIAL BANK LT,3618,0.0
KOREAN AIR LINES LTD,003490,0.0
GD POWER DEVELOPMENT LTD A,600795,0.0
JOLLIBEE FOODS CORP,JFC,0.0
BALKRISHNA INDUSTRIES LTD,BALKRISIND,0.0
GUANGDONG HAID GROUP LTD A,002311,0.0
INDUSTRIAL BANK OF KOREA,024110,0.0
SBI CARDS & PAYMENT SERVICES LTD,SBICARD,0.0
CHINA MINSHENG BANKING CORP LTD A,600016,0.0
CHINA FEIHE LTD,6186,0.0
VICTORY GIANT TECHNOLOGY HUIZHOU L,300476,0.0
NESTLE MALAYSIA,NESTLE,0.0
IDR CASH,IDR,0.0
HD HYUNDAI MARINE SOLUTION LTD,443060,0.0
HAITIAN INTERNATIONAL LTD,1882,0.0
SD GUTHRIE,SDG,0.0
SHENZHEN LONGSYS ELECTRONICS LTD A,301308,0.0
GREE ELECTRIC APPLIANCES INC OF ZH,000651,0.0
HANJIN KAL,180640,0.0
VERISURE PLC,VSURE,0.0
ORACLE FINANCIAL SERVICES SOFTWARE,OFSS,0.0
CLP CASH,CLP,0.0
GODREJ PROPERTIES LTD,GODREJPROP,0.0
NZD CASH,NZD,0.0
MPHASIS LTD,MPHASIS,0.0
GUANGZHOU TINCI MATERIALS TECHNOLO,002709,0.0
AYVENS SA,AYV,0.0
ZOOMLION HEAVY INDUSTRY SCIENCE AN,000157,0.0
NH INVESTMENT & SECURITIES LTD,005940,0.0
CHINA TOURISM GROUP DUTY FREE CORP,601888,0.0
PT SUMBER ALFARIA TRIJAYA,AMRT,0.0
CHINA AIRLINES LTD,2610,0.0
ENGIE BRASIL ENERGIA SA,EGIE3,0.0
CHINA STATE CONSTRUCTION ENGINEERI,601668,0.0
ANHUI JIANGHUAI AUTOMOBILE CORP LT,600418,0.0
PONY AI INC,2026,0.0
ORACLE JAPAN CORP,4716,0.0
ANHUI CONCH CEMENT LTD A,600585,0.0
VERISILICON MICROELECTRONICS (SHAN,688521,0.0
ZHANGZHOU PIENTZEHUANG PHARMACEUTI,600436,0.0
HUA XIA BANK LTD A,600015,0.0
HITHINK ROYALFLUSH INFORMATION NET,300033,0.0
SHANGHAI FOSUN PHARMACEUTICAL (GRO,600196,0.0
SHENGYI TECHNOLOGY LTD A,600183,0.0
YTL CORPORATION,YTL,0.0
SAUDI TADAWUL GROUP CO,1111,0.0
ZHEJIANG HUAYOU COBALT LTD A,603799,0.0
AYALA CORP,AC,0.0
CHINA STATE CONSTRUCTION INTERNATI,3311,0.0
IFLYTEK LTD A,002230,0.0
CHINA TUNGSTEN AND HIGHTECH MATERI,000657,0.0
GOERTEK INC A,002241,0.0
GF SECURITIES LTD H,1776,0.0
CHINA RESOURCES MICROELECTRONICS L,688396,0.0
HANGZHOU CHANG CHUAN TECHNOLOGY LT,300604,0.0
CHINA UNITED NETWORK COMMUNICATION,600050,0.0
PETRINDO JAYA KREASI,CUAN,0.0
INNER MONGOLIA XINGYE SILVER&TIN M,000426,0.0
BARITO PACIFIC,BRPT,0.0
BANK OF HANGZHOU LTD A,600926,0.0
BANK OF NANJING LTD A,601009,0.0
BOE TECHNOLOGY GROUP LTD A,000725,0.0
EMPRESAS CMPC SA,CMPC,0.0
LENS TECHNOLOGY LTD A,300433,0.0
SHARETRONIC DATA TECHNOLOGY LTD A,300857,0.0
XTALPI HOLDINGS LTD,2228,0.0
GRUPO COMERCIAL CHEDRAUI,CHDRAUIB,0.0
FAR EAST HORIZON LTD,3360,0.0
TATA COMMUNICATIONS LTD,TATACOMM,0.0
SAUDI INVESTMENT BANK,1030,0.0
PETRONET LNG LTD,PETRONET,0.0
MINISO GROUP HOLDING LTD,9896,0.0
BANK OF BEIJING LTD A,601169,0.0
INNER MONGOLIA YITAI COAL LTD B,900948,0.0
CHINA LIFE INSURANCE LTD A,601628,0.0
EASTROC BEVERAGE (GROUP) LTD A,605499,0.0
CHINA NONFERROUS MINING CORPORATIO,1258,0.0
CHINA EASTERN AIRLINES CORP LTD A,600115,0.0
CRRC CORP LTD A,601766,0.0
ZHEJIANG SANHUA INTELLIGENT CONTRO,002050,0.0
INTERCONEXION ELECTRICA SA,ISA,0.0
CHINA LITERATURE LTD,772,0.0
EVE ENERGY LTD A,300014,0.0
AVARY HOLDING (SHENZHEN) LTD A,002938,0.0
AVICHINA INDUSTRY & TECHNOLOGY LTD,2357,0.0
C D INTERNATIONAL INVESTMENT GROUP,1908,0.0
HUF CASH,HUF,0.0
HYUNDAI MOTOR S1 PREF,005385,0.0
ORIENT SECURITIES LTD A,600958,0.0
NINGBO TUOPU GROUP CLS LTD A,601689,0.0
BEIJING KINGSOFT OFFICE SOFTWARE I,688111,0.0
RAIL VIKAS NIGAM LTD,RVNL,0.0
MESAIEED PETROCHEMICAL HOLDING,MPHC,0.0
SHANGHAI ELECTRIC GROUP LTD A,601727,0.0
RONGSHENG PETRO CHEMICAL LTD A,002493,0.0
SHENZHEN ENVICOOL TECHNOLOGY LTD A,002837,0.0
CHINA SECURITIES LTD A,601066,0.0
OMNIVISION INTEGRATED CIRCUITS GRO,603501,0.0
MR D.I.Y. GROUP (M),MRDIY,0.0
TONGWEI LTD A,600438,0.0
PLDT INC,TEL,0.0
DAQIN RAILWAY LTD A,601006,0.0
LEGEND BIOTECH ADR REP CORP,LEGN,0.0
SAIC MOTOR CORP LTD A,600104,0.0
GANFENG LITHIUM GROUP LTD A,002460,0.0
SERES GROUP LTD A,601127,0.0
NETEASE CLOUD MUSIC INC,9899,0.0
SHANGHAI UNITED IMAGING HEALTHCARE,688271,0.0
SHANDONG WEIGAO GP MEDICAL POLYMER,1066,0.0
ARABIAN INTERNET AND COMMUNICATION,7202,0.0
SAL SAUDI LOGISTICS SERVICE CO,4263,0.0
ZHEJIANG JU HUA LTD A,600160,0.0
HAIER SMART HOME LTD A,600690,0.0
FORD OTOMOTIV SANAYI A,FROTO.E,0.0
LG UPLUS CORP,032640,0.0
NEW HOPE LIUHE LTD A,000876,0.0
BEIJING TONGRENTANG LTD A,600085,0.0
SGD CASH,SGD,0.0
AECC AVIATION POWER LTD A,600893,0.0
GIANT BIOGENE HOLDING LTD,2367,0.0
CHINA CITIC FIN ASSET MGT LTD H,2799,0.0
SHANGHAI RURAL COMMERCIAL BANK LTD,601825,0.0
SHENZHEN TRANSSION HOLDINGS LTD A,688036,0.0
JIANGSU YANGHE BREWERY JOINT-STOCK,002304,0.0
TALAAT MOUSTAFA GROUP,TMGH,0.0
KWD CASH,KWD,0.0
ANHUI GUJING DISTILLERY LTD A,000596,0.0
ROCKCHIP ELECTRONICS LTD A,603893,0.0
SHANDONG GOLD-MINING LTD A,600547,0.0
SHENZHEN INOVANCE TECHNOLOGY LTD A,300124,0.0
SICHUAN KELUN PHARMACEUTICAL LTD A,002422,0.0
XINJIANG DAQO NEW ENERGY LTD A,688303,0.0
ENERGISA UNITS SA,ENGI11,0.0
CHONGQING CHANGAN AUTOMOBILE LTD A,000625,0.0
AIER EYE HOSPITAL GROUP LTD A,300015,0.0
SHANDONG HONGQIAO ALUMINUM INDUSTR,002379,0.0
TAIWAN HIGH SPEED RAIL CORP,2633,0.0
GUANGDONG HEC TECHNOLOGY HOLDING L,600673,0.0
PHP CASH,PHP,0.0
HAISCO PHARMACEUTICAL GROUP LTD A,002653,0.0
AXIATA GROUP,AXIATA,0.0
SGS SA COUPON,SGSN,0.0
SAR CASH(COMMITTED),SAR,0.0
CHINA MERCHANTS SHEKOU INDUSTRIAL,001979,0.0
CHINA VANKE LTD A,000002,0.0
CHONGQING ZHIFEI BIOLOGICAL PRODUC,300122,0.0
SHANGHAI ALLIST PHARMACEUTICALS LT,688578,0.0
QAR CASH,QAR,0.0
INR CASH,INR,0.0
APT MEDICAL INC A,688617,0.0
COP CASH,COP,0.0
JPY/USD,JPY,0.0
CHF/USD,CHF,0.0
RUB CASH,RUB,0.0
CAPITALAND ASCENDAS REIT DUMMY,2643373D,0.0
CNY CASH,CNY,0.0
BANCO ESPIRITO SANTO CLASS N SA,BES,0.0
NMC HEALTH PLC,NMC,0.0
POLYUS,PLZL,0.0
X5 RETAIL GROUP GDR NV,FIVE,0.0
TCS GROUP HOLDING REPR CLASS A RE,TCSG,0.0
PJSC PHOSAGRO GDR,PHOR,0.0
SEVERSTAL,CHMF,0.0
NK ROSNEFT,ROSN,0.0
AK ALROSA,ALRS,0.0
MOBILNYE TELESISTEMY,MTSS,0.0
MOSCOW EXCHANGE,MOEX,0.0
SBERBANK ROSSII,SBER,0.0
AUD/USD,AUD,0.0
CONSTELLATION SOFTWARE INC,2299955D,0.0
MSCI EMER MKT INDEX (ICE) JUN 26,MESM6,0.0
MSCI EAFE INDEX JUN 26,MFSM6,0.0
S&P500 EMINI JUN 26,ESM6,0.0
USD CASH,USD,-0.0001
