Name,Investment_Type,Total_investment,UCRP_Amount,GEP_Amount
MSCI ACWI IMI TF EX-TOB AND FF,PUBLIC EQUITY,58248850263,58248850263,0
MSCI ACWI IMI EX-TOB AND FF,PUBLIC EQUITY,8512270557,0,8512270557
BREIT,REAL ESTATE,5279453703,3523218069,1756235634
SSGA S&P 500 EX-TOB UCRP,PUBLIC EQUITY,5031801465,5031801465,0
CORE GOVERNMENT,FIXED INCOME,4820067669,4618795604,201272065
R3000 PE PASSIVE,PRIVATE EQUITY,3824672852,3321649924,503022928
ARROWSTREET GLOBAL 130-30,PUBLIC EQUITY,3043516814,2347501001,696015813
CORE CREDIT,FIXED INCOME,2020354727,2020354727,0
BLACKSTONE GROUP CO-INVESTMENT,PRIVATE EQUITY,1967428075,1425392173,542035902
NOMURA HIGH YIELD TOTAL RETURN,FIXED INCOME,1840276597,1840276597,0
ADAGE CAPITAL,PUBLIC EQUITY,1712982176,1170728450,542253726
BLACKROCK SIO,FIXED INCOME,1596282696,1596282696,0
FIDELITY GROWTH,PUBLIC EQUITY,1502108103,1502108103,0
THOMA BRAVO CO-INVESTMENT,PRIVATE EQUITY,1104877919,869979129,234898790
EATON VANCE HIGH YIELD,FIXED INCOME,978509948,978509948,0
OWL ROCK TECH FINANCE,PRIVATE CREDIT,738046064,450620380,287425684
1868 UNIVERITAS FUND,PRIVATE EQUITY,661324943,462927460,198397483
MORAINE FUND,ABSOLUTE RETURN,657578527,403343766,254234761
HAZELTON FUND LIMITED,PRIVATE CREDIT,645066709,514588921,130477788
UC VENTURES SEPARATE ACCOUNT,REAL ESTATE,633871000,606922000,26949000
GOLDMAN SACHS RENEWABLE ENERGY,REAL ASSETS,505870573,429989987,75880586
SEQUOIA CAPITAL GLOBAL GROWTH III,PRIVATE EQUITY,487228248,293071464,194156784
HOMEWARD OPPORTUNITIES FUND,PRIVATE CREDIT,447051796,337616309,109435487
IIFL HIGH GROWTH UCRP,PUBLIC EQUITY,411639627,411639627,0
THOMA BRAVO FUND XIII,PRIVATE EQUITY,386444071,267435291,119008780
THOMA BRAVO XIV,PRIVATE EQUITY,346408512,207845107,138563405
APOLLO MANAGEMENT CO-INVESTMENT,PRIVATE EQUITY,345103500,304642460,40461040
THOMA BRAVO XV,PRIVATE EQUITY,343681120,274944896,68736224
UC VENTURES CO-INVESTMENT,PRIVATE EQUITY,336050503,150183670,185866833
FIDELITY GROWTH CO,PUBLIC EQUITY,333248030,0,333248030
APOLLO SVF2,FIXED INCOME,317198263,254122591,63075672
BPEA VIII,PRIVATE EQUITY,316330539,221431377,94899162
SEQUOIA CAPITAL FUND,PRIVATE EQUITY,315506188,189778158,125728030
BLACKSTONE STRATEGIC PARTNERS IX,PRIVATE EQUITY,299145402,299145402,0
"BLACKSTONE PROPERTY PARTNERS US, LP",REAL ESTATE,294445626,294445626,0
ACM ALAMOSA I,PRIVATE CREDIT,280088438,280088438,0
ALBACORE PARTNERS I,PRIVATE CREDIT,279604611,279604611,0
SYCAMORE PARTNERS III,PRIVATE EQUITY,272084942,164633890,107451052
UCRP DIRECT PUBLIC EQUITY,PUBLIC EQUITY,270273718,270273718,0
KOTAK INDIA GROWTH,PUBLIC EQUITY,267154902,267154902,0
EQT INFRASTRUCTURE V (NO.2) USD SCSP,REAL ASSETS,263267322,223777224,39490098
EQT IX,PRIVATE EQUITY,256906912,256906912,0
BLACKSTONE CAPITAL PARTNERS ASIA I,PRIVATE EQUITY,251078878,201710286,49368592
BLACKSTONE CAPITAL PARTNERS VIII,PRIVATE EQUITY,248824050,174176835,74647215
BLACKSTONE STRATEGIC CAPITAL,PRIVATE EQUITY,245443257,245443257,0
FURTHER GLOBAL CAPITAL I,PRIVATE EQUITY,236906679,165834675,71072004
BROOKFIELD STRATEGIC REAL ESTATE PARTNERS III,REAL ESTATE,235217866,235217866,0
BOW VENTURES FUND I,PRIVATE EQUITY,235046277,156493388,78552889
JOHN HANCOCK-MANULIFE CO-INVESTMENT,REAL ASSETS,231182473,196505102,34677371
BLACKSTONE RESOLUTION LIFE,FIXED INCOME,225444156,161755150,63689006
MANULIFE INFRASTRUCTURE FUND II,REAL ASSETS,225223276,191439785,33783491
SEQUOIA CAPITAL (LEGACY FUNDS),PRIVATE EQUITY,217067765,0,217067765
"K5 PRIVATE INVESTORS, L.P.",PRIVATE EQUITY,214188581,214188581,0
STONEPEAK INFRASTRUCTURE PARTNERS,REAL ASSETS,212486237,180613301,31872936
IIFL HIGH GROWTH,PUBLIC EQUITY,206105510,0,206105510
BROOKFIELD REIT,FIXED INCOME,205809680,0,205809680
BLACKSTONE ISG INVESTMENT PARTNERS,REAL ASSETS,200307817,133538545,66769272
EQT PARTNERS CO-INVESTMENT,PRIVATE EQUITY,200066798,164951621,35115177
ACM ALAMOSA I A,PRIVATE CREDIT,199471576,57453431,142018145
BLACKSTONE CAPITAL PARTNERS ASIA II,PRIVATE EQUITY,195730127,137011089,58719038
RANGELEY LAKE PARTNERS,FIXED INCOME,191067017,191067017,0
FURTHER GLOBAL CAPITAL II,PRIVATE EQUITY,187341642,131139149,56202493
H.I.G. BAYSIDE V,PRIVATE CREDIT,180630779,114985289,65645490
IMPACTIVE CAPITAL UCRP,PUBLIC EQUITY,178844975,178844975,0
BPEA VII,PRIVATE EQUITY,170611270,85305635,85305635
BLACKROCK SIO 2024,FIXED INCOME,165938291,0,165938291
"BLACKSTONE BIOMED LIFE SCIENCE REAL ESTATE, LP",REAL ESTATE,162225648,121669236,40556412
ROUNDTABLE HEALTHCARE PARTNERS CO-INVESTMENT,PRIVATE EQUITY,160738850,80369425,80369425
CLEARLAKE CAPITAL PARTNERS VII,PRIVATE EQUITY,160106050,112074235,48031815
GI PARTNERS VI,PRIVATE EQUITY,151632439,151632439,0
"BLACKSTONE REAL ESTATE PARTNERS IX, LP",REAL ESTATE,151564871,113673653,37891218
BREGAL SAGEMOUNT EQUITY III,PRIVATE EQUITY,150068201,105047741,45020460
RNT ASSOCIATES,PRIVATE EQUITY,148219772,111743858,36475914
EARNEST PARTNERS SMALL CAP VALUE,PUBLIC EQUITY,144078892,144078892,0
"KSL CAPITAL PARTNERS V, L.P.",REAL ESTATE,143215168,71607584,71607584
THOMA BRAVO DISCOVER III,PRIVATE EQUITY,143024693,85814816,57209877
EQT VIII,PRIVATE EQUITY,141061902,141061902,0
OLYMPUS GROWTH FUND VII,PRIVATE EQUITY,139945029,139945029,0
ARIEL US SMALL CAP,PUBLIC EQUITY,139773056,139773056,0
SG GROWTH PARTNERS IV,PRIVATE EQUITY,139214541,0,139214541
THOMA BRAVO GROWTH I,PRIVATE EQUITY,136206484,102154863,34051621
CLEARLAKE CO-INVESTMENT,PRIVATE EQUITY,136187998,122603275,13584723
ARSENAL CAPITAL PARTNERS V LP,PRIVATE EQUITY,133968224,93777757,40190467
APOLLO DEDICATED INVEST POOL,REAL ASSETS,132341164,112489989,19851175
ORION MINE FINANCE FUND II,REAL ASSETS,128873188,109542210,19330978
INCENTIVE ACTIVE VALUE,PUBLIC EQUITY,127086823,15952783,111134040
CIM INFRASTRUCTURE II,REAL ASSETS,127026871,107972840,19054031
APOLLO FUND IX,PRIVATE EQUITY,126439468,126439468,0
AIMBRIDGE SEPARATE ACCOUNT,REAL ESTATE,124296576,124296576,0
BLACKSTONE REAL ESTATE PARTNERS X LP,REAL ESTATE,124271292,82851670,41419622
BLACKSTONE PROPERTY PARTNERS EUROPE,REAL ESTATE,122002680,91502010,30500670
APOLLO FINANCIAL CREDIT INVESTMENT III,REAL ASSETS,120342055,102290747,18051308
TSG CONSUMER PARTNERS CO-INVESTMENT,PRIVATE EQUITY,120056808,120056808,0
TPG CAPITAL VIII,PRIVATE EQUITY,117994472,117994472,0
BLACKROCK GROUP CO-INVESTMENT,PRIVATE EQUITY,116653807,116653807,0
DIGITAL COLONY CO-INVESTMENT,REAL ASSETS,115800554,98430471,17370083
BLUE OWL,PRIVATE CREDIT,113823649,90804014,23019635
STONEPEAK INFRA FD III LP,REAL ASSETS,113684181,113684181,0
1-5 YEAR CREDIT,FIXED INCOME,112700326,0,112700326
BERKSHIRE FUND IX,PRIVATE EQUITY,112591240,0,112591240
TSG 9,PRIVATE EQUITY,111552212,78086548,33465664
BLACKSTONE STRATEGIC PARTNERS VIII,PRIVATE EQUITY,109843516,109843516,0
EQT INFRA IV NO.2 USD SCSP,REAL ASSETS,109646741,109646741,0
SEQUOIA CAPITAL GGF III CHINA ANNEX,PRIVATE EQUITY,108353114,65175215,43177899
IPI DATA CENTER FUND I,REAL ESTATE,105922374,52961187,52961187
PRISA SA,REAL ESTATE,104427232,104427232,0
BROOKFIELD FAIRFIELD VAMF III,REAL ESTATE,104254086,52127043,52127043
ARSENAL CAPITAL PARTNERS VI,PRIVATE EQUITY,101822834,71275984,30546850
THOMA BRAVO DISCOVER IV,PRIVATE EQUITY,101702284,81361827,20340457
PRISA II,REAL ESTATE,100854658,100854658,0
EXUMA CAPITAL,ABSOLUTE RETURN,92410274,61585051,30825223
FURTHER GLOBAL CAPITAL MANAGEMENT CO-INVESTMENT,PRIVATE EQUITY,92045857,92045857,0
TPG GROWTH IV,PRIVATE EQUITY,89647631,58702423,30945208
H.I.G. EUROPE MIDDLE MARKET LBO FUND,PRIVATE EQUITY,89044539,89044539,0
EQT X,PRIVATE EQUITY,87622163,58414775,29207388
THOMA BRAVO DISCOVER II,PRIVATE EQUITY,85204654,0,85204654
"OWL ROCK FIRST LIEN FUND, L.P",PRIVATE CREDIT,84780059,84780059,0
MOLPUS - SEVEN STATES TIMBERLAND,REAL ASSETS,83855564,71277229,12578335
ARSENAL CAPITAL PARTNERS CO-INVESTMENT,PRIVATE EQUITY,82087928,82087928,0
BROOKFIELD,PRIVATE CREDIT,80360000,0,80360000
LION PROPERTIES FUND,REAL ESTATE,80266031,80266031,0
KHOSLA VENTURES V,PRIVATE EQUITY,80101121,80101121,0
WANAKA FUND,ABSOLUTE RETURN,78780247,53490373,25289874
APOLLO FUND X,PRIVATE EQUITY,78454170,53797145,24657025
BLACKSTONE REAL ESTATE PARTNERS ASIA II,REAL ESTATE,76163773,76163773,0
LAFAYETTE SQUARE,PRIVATE CREDIT,76004512,60803610,15200902
H.I.G. MIDDLE MARKET LBO FUND III,PRIVATE EQUITY,72990845,72990845,0
GGV CAPITAL V,PRIVATE EQUITY,72283189,72283189,0
TORL BIOTHERAPEUTICS,PRIVATE EQUITY,71875000,0,71875000
DCP I,PRIVATE EQUITY,70086876,21026063,49060813
ORION RESOURCE PARTNERS CO-INVESTMENT,REAL ASSETS,67038391,56982632,10055759
ORION RESOURCES FUND III,REAL ASSETS,66340087,56389074,9951013
TSG8 L.P.,PRIVATE EQUITY,66141608,44765782,21375826
LION INDUSTRIAL TRUST,REAL ESTATE,65622485,54254961,11367524
RNT CAPITAL CO-INVESTMENT,PRIVATE EQUITY,61163895,45872921,15290974
ICONIQ STRATEGIC PARTNERS VII,PRIVATE EQUITY,60587612,30293806,30293806
TPG CAPITAL CO-INVESTMENT,PRIVATE EQUITY,60172004,60172004,0
BREGAL SAGEMOUNT IV,PRIVATE EQUITY,60099632,40066421,20033211
THE RISE FUND LP,PRIVATE EQUITY,59584557,59584557,0
H.I.G. EUROPE CAPITAL PARTNERS III,PRIVATE EQUITY,59022692,0,59022692
SEQUOIA CAPITAL GGF III US INDIA ANNEX,PRIVATE EQUITY,58800343,58800343,0
COLUMN GROUP IV,PRIVATE EQUITY,58318855,0,58318855
SG GROWTH PARTNERS III,PRIVATE EQUITY,56589164,0,56589164
BREAKTHROUGH PROPERTIES SEPARATE ACCOUNT,REAL ESTATE,56402426,56402426,0
SAGEHALL PARTNERS FUND I LP,REAL ESTATE,55210348,44168278,11042070
ARSENAL CAPITAL PARTNERS IV,PRIVATE EQUITY,53935439,40451579,13483860
PARTNERS GROUP CO-INVESTMENT,REAL ASSETS,53267578,45277441,7990137
KHOSLA VENTURES IV,PRIVATE EQUITY,52776288,52776288,0
TPG CAPITAL VIII (HEALTHCARE I),PRIVATE EQUITY,52608315,52608315,0
HEITMAN HART,REAL ESTATE,52234386,46331900,5902486
THE ENGINE FUND I,PRIVATE EQUITY,52006250,0,52006250
GGV CAPITAL VIII,PRIVATE EQUITY,52004601,52004601,0
H.I.G. CAPITAL PARTNERS VI,PRIVATE EQUITY,50160108,0,50160108
KKR CO-INVESTMENT,REAL ESTATE,50110154,33373363,16736791
A&E REAL ESTATE PARTNERSHIP II,REAL ESTATE,48112750,48112750,0
LONETREE CAPITAL CO-INVESTMENT,PRIVATE EQUITY,47250000,32250000,15000000
EMG II,REAL ASSETS,46738089,39727376,7010713
PINE BROOK CAPITAL PARTNERS II,REAL ASSETS,46660926,46660926,0
"ENCAP FLATROCK MIDSTREAM FUND IV, L.P.",REAL ASSETS,46289674,39346223,6943451
SYCAMORE PARTNERS MANAGEMENT CO-INVESTMENT,PRIVATE EQUITY,45886753,45886753,0
BOW VENTURES FUND II,PRIVATE EQUITY,45842484,30561656,15280828
GGV VII,PRIVATE EQUITY,44761117,44761117,0
RENEWABLE RESOURCES GROUP CO-INVESTMENT,REAL ASSETS,44708831,38002506,6706325
CONGRUENT VENTURES,REAL ASSETS,44609261,37917872,6691389
SAGEHALL PARTNERS SEPARATE ACCOUNT,REAL ESTATE,43978383,43978383,0
SEQUOIA CAPITAL US GROWTH IX,PRIVATE EQUITY,41450555,0,41450555
BLUE VISTA BOSTON,REAL ESTATE,40810203,0,40810203
"ICON PARTNERS IV, L.P.",PRIVATE EQUITY,40264334,28185034,12079300
UCAL EBQP GEP WF ASIAN RECONN,PUBLIC EQUITY,39345721,0,39345721
FOCUS SENIOR HOUSING FUND I,REAL ESTATE,39023890,39023890,0
COLUMN GROUP III,PRIVATE EQUITY,37708183,0,37708183
ICONIQ CAPITAL CO-INVESTMENT,PRIVATE EQUITY,37133351,14763871,22369480
SEQUOIA CAPITAL US VENTURE XVII,PRIVATE EQUITY,37006342,0,37006342
ZMC III,PRIVATE EQUITY,36373913,0,36373913
ORTH II,PRIVATE CREDIT,35717315,35717315,0
SEQUOIA CAPITAL INDIA GROWTH III,PRIVATE EQUITY,35344397,0,35344397
SEQUOIA CAPITAL CHINA GROWTH V,PRIVATE EQUITY,35302717,0,35302717
PREGIS TOPCO LLC,PRIVATE CREDIT,34860000,34860000,0
NEOTRIBE VENTURES I,PRIVATE EQUITY,33918829,0,33918829
AMERRA CAPITAL,PRIVATE CREDIT,33454658,28436459,5018199
THE RISE FUND,PRIVATE EQUITY,31410228,0,31410228
WARBURG PINCUS PRIVATE EQUITY XII,PRIVATE EQUITY,31028034,31028034,0
ORION MINERAL ROYALTIES FUND,REAL ASSETS,31022389,26369031,4653358
JLL PARTNERS CO-INVESTMENT,PRIVATE EQUITY,30994786,15497393,15497393
BREGAL SAGEMOUNT COF II,PRIVATE CREDIT,30611890,30611890,0
MSA ACCELERATION FUND,PRIVATE EQUITY,30495898,30495898,0
FAIRFAX ALLIED WORLD ASSURANCE,PRIVATE CREDIT,29855554,29855554,0
SYCAMORE PARTNERS II,PRIVATE EQUITY,29690689,0,29690689
NASDAQ ETF UCRP,PUBLIC EQUITY,28413087,28413087,0
CIM FUND VIII,REAL ESTATE,27960969,22368775,5592194
COLUMN GROUP II,PRIVATE EQUITY,26336084,0,26336084
LAV VI,PRIVATE EQUITY,25324823,0,25324823
K1 INVESTMENT MANAGEMENT CO-INVESTMENT,PRIVATE EQUITY,25171861,25171861,0
KKR REAL ESTATE PARTNERS II,REAL ESTATE,25098928,16732619,8366309
SYCAMORE PARTNERS,PRIVATE EQUITY,24556030,0,24556030
WARD FERRY RECON,PUBLIC EQUITY,24540130,24540130,0
GAOLING FUND (EQ),PUBLIC EQUITY,24319951,24319951,0
PONTIFAX AGTECH II,REAL ASSETS,23334645,19834448,3500197
A&E NYC WORKFORCE HOUSING,REAL ESTATE,23057153,23057153,0
MSA ENTERPRISES,PRIVATE EQUITY,22905349,13892094,9013255
SEQUOIA CAPITAL CHINA GROWTH VI 1,PRIVATE EQUITY,22885808,0,22885808
SEQUOIA CAPITAL CHINA GROWTH VII,PRIVATE EQUITY,22696890,22696890,0
BROOKFIELD ASSET MANAGEMENT CO-INVESTMENT,REAL ESTATE,22295336,22295336,0
THE ENGINE FUND II,PRIVATE EQUITY,22094598,11047299,11047299
COLUMN GROUP CO-INVESTMENT,PRIVATE EQUITY,21991943,21991943,0
GGV DISCOVERY II,PRIVATE EQUITY,21947357,21947357,0
FALCON CI II,ABSOLUTE RETURN,21617536,13259589,8357947
BLACKSTONE ENERGY TRANSITION PARTNERS IV,REAL ASSETS,20849120,0,20849120
BLUE VISTA STUDENT HOUSING SEPEARTE ACCOUNT,REAL ESTATE,20213573,0,20213573
RED KITE FUND I,PRIVATE CREDIT,20170188,17144660,3025528
STONEPEAK INFRASTRUCTURE FUND III LP,REAL ASSETS,20061914,0,20061914
THE HOUSE FUND III,PRIVATE EQUITY,20019570,10009785,10009785
"NEOTRIBE VENTURES II, L.P.",PRIVATE EQUITY,19779058,0,19779058
CERBERUS REAL ESTATE III,REAL ESTATE,19772618,15818094,3954524
GGV DISCOVERY III,PRIVATE EQUITY,19587348,19587348,0
EQT INFRASTRUCTURE IV,REAL ASSETS,19349425,0,19349425
ENCAP FLATROCK MIDSTREAM FUND III,REAL ASSETS,19258467,16369697,2888770
PRISA LP,REAL ESTATE,18959608,0,18959608
HONGSHAN CHINA EXPANSION I,PRIVATE EQUITY,17845635,17845635,0
WALTON STREET REAL ESTATE FUND VI,REAL ESTATE,17737415,15705003,2032412
SEQUOIA CAPITAL INDIA VI,PRIVATE EQUITY,17640356,0,17640356
BROOKFIELD STRATEGIC REAL ESTATE PARTNERS III 1,REAL ESTATE,17608933,0,17608933
"KHOSLA VENTURES SEED, LP",PRIVATE EQUITY,16622475,16622475,0
H.I.G BAYSIDE LOAN OPP FEEDER V,PRIVATE CREDIT,16411373,16411373,0
"CONGRUENT VENTURES II, LP",REAL ASSETS,16314882,13867650,2447232
PINE BROOK PARTNERS CO-INVESTMENT,REAL ASSETS,15397903,13088218,2309685
ORION RESOURCES FUND I - A,REAL ASSETS,15148067,12875857,2272210
ROUNDTABLE HEALTHCARE CAPITAL PARTNERSHIP III,PRIVATE EQUITY,14974541,14974541,0
BIWA FUND LIMITED,ABSOLUTE RETURN,14834205,9872730,4961475
SEQUOIA CAPITAL INDIA VENTURE VII,PRIVATE EQUITY,13409389,0,13409389
WARBURG PINCUS PRIVATE EQUITY XI,PRIVATE EQUITY,13206922,13206922,0
SEQUOIA CAPITAL US GROWTH VIII,PRIVATE EQUITY,12230568,0,12230568
GGV VII PLUS,PRIVATE EQUITY,12016607,12016607,0
GGV VIII PLUS,PRIVATE EQUITY,11942373,11942373,0
LAV OPPORTUNITIES FUND,PRIVATE EQUITY,10750894,0,10750894
SEQUOIA CAPITAL INDIA GROWTH IV,PRIVATE EQUITY,10659238,10659238,0
VIDA VENTURES II,PRIVATE EQUITY,10251800,5125900,5125900
BLACKSTONE GROUP CO-INVESTMENT 4,PRIVATE EQUITY,9994489,0,9994489
SYCAMORE PARTNERS MANAGEMENT CO-INVESTMENT 2,PRIVATE EQUITY,9961299,0,9961299
APOLLO INVESTMENT FUND VIII,PRIVATE EQUITY,9794153,9794153,0
ARSENAL CAPITAL PARTNERS GROWTH,PRIVATE EQUITY,9681840,9681840,0
THOMA BRAVO CO-INVESTMENT 2,PRIVATE EQUITY,9494407,0,9494407
FOCUS SENIOR HOUSING FUND I 1,REAL ESTATE,9220722,0,9220722
OWL ROCK TECH HOLDINGS II,PRIVATE CREDIT,9055261,0,9055261
THOMA BRAVO CO-INVESTMENT 4,PRIVATE EQUITY,9006959,0,9006959
SEQUOIA CAPITAL GGF III US INDIA ANNEX 3,PRIVATE EQUITY,8954613,0,8954613
BFAM ASIA OPPORTUNITY FUND,ABSOLUTE RETURN,8792873,5890662,2902211
PEYTO,ABSOLUTE RETURN,8763814,5315876,3447938
SG GROWTH PARTNERS II,PRIVATE EQUITY,8758315,0,8758315
DCP CAPITAL PARTNERS CO-INVESTMENT,PRIVATE EQUITY,8680000,8680000,0
L'ATTITUDE VENTURES II,PRIVATE EQUITY,8673873,0,8673873
BLACKSTONE GROUP CO-INVESTMENT 2,PRIVATE EQUITY,8600515,0,8600515
BREGAL SAGEMOUNT II,PRIVATE EQUITY,8275082,0,8275082
COLLIDE CAPITAL I,PRIVATE EQUITY,8027995,0,8027995
TARPON INVESTMENTS,PUBLIC EQUITY,7662582,7662582,0
SEQUOIA CAPITAL CHINA VENTURE IX,PRIVATE EQUITY,7518224,7518224,0
HIG MIDDLE MARKET LBO FD II,PRIVATE EQUITY,7112985,7112985,0
BLACKSTONE STRATEGIC PARTNERS VIII 4,PRIVATE EQUITY,7075793,0,7075793
ENGINE ACCELERATOR CO-INVESTMENT,PRIVATE EQUITY,6998720,6998720,0
ICONIQ STRATEGIC PARTNERS IV L.P.,PRIVATE EQUITY,6987438,6987438,0
SEQUOIA CAPITAL INDIA VENTURE VIII,PRIVATE EQUITY,6894363,6894363,0
HEALTHCARE INVESTMENT FUND II,PUBLIC EQUITY,6809540,6809540,0
KHOSLA VENTURES SEED B L.P.,PRIVATE EQUITY,6769579,6769579,0
BLACKSTONE CAPITAL PARTNERS IX,PRIVATE EQUITY,6746592,6746592,0
BOW VENTURES CO-INVESTMENT,PRIVATE EQUITY,6658445,6658445,0
FURTHER GLOBAL CAPITAL MANAGEMENT CO-INVESTMENT 2,PRIVATE EQUITY,6634140,0,6634140
ARSENAL CAPITAL PARTNERS CO-INVESTMENT 2,PRIVATE EQUITY,6461967,0,6461967
THE HOUSE FUND II,PRIVATE EQUITY,6285859,0,6285859
H.I.G. EUROPE CAPITAL PARTNERS II,PRIVATE EQUITY,6141619,6141619,0
KSL CAPITAL PARTNERS III,REAL ESTATE,6010925,5109286,901639
CIM REAL ESTATE FUND III,REAL ESTATE,5736725,5088475,648250
MISSION BAY CAPITAL II,PRIVATE EQUITY,5320391,0,5320391
SEQUOIA CAPITALCHINA SEED III,PRIVATE EQUITY,5297291,5297291,0
SYCAMORE PARTNERS MANAGEMENT CO-INVESTMENT 1,PRIVATE EQUITY,5282770,0,5282770
THE HOUSE FUND OPPORTUNITY III,PRIVATE EQUITY,5258399,5258399,0
MADISON DEARBORN CAPITAL PARTNERS CO-INVESTMENT 9,PRIVATE EQUITY,5211847,0,5211847
BLUE VISTA STUDENT HOUSING SELECT STRATEGIES FUND 2,REAL ESTATE,5159839,0,5159839
WESTBROOK REAL ESTATE FUND IX,REAL ESTATE,5127342,4101874,1025468
BLACKSTONE REAL ESTATE PARTNERS VII,REAL ESTATE,5125259,4100207,1025052
APOLLO MANAGEMENT CO-INVESTMENT 7,PRIVATE EQUITY,5000000,0,5000000
COLUMN GROUP CO-INVESTMENT 3,PRIVATE EQUITY,4891388,0,4891388
BLACKSTONE GROUP CO-INVESTMENT 1,PRIVATE EQUITY,4850938,0,4850938
BLACKSTONE GROUP CO-INVESTMENT 7,PRIVATE EQUITY,4751359,0,4751359
SEQUOIA SEA I,PRIVATE EQUITY,4520891,3616713,904178
BREGAL SAGEMOUNT CO-INVESTMENT,PRIVATE EQUITY,4405122,4405122,0
THOMA BRAVO CO-INVESTMENT 1,PRIVATE EQUITY,4269908,0,4269908
"ZEI ES CO INVEST C, L.P.",ABSOLUTE RETURN,4209641,4209641,0
SOMA CAPITAL III,PRIVATE EQUITY,3684157,0,3684157
"BLACKSTONE PROPERTY PARTNERS US, LP 7",REAL ESTATE,3611406,0,3611406
SEQUOIA CAPITAL US/E SEED IV,PRIVATE EQUITY,3558022,0,3558022
H.I.G. CAPITAL PARTNERS V,PRIVATE EQUITY,3448926,3448926,0
BOW CAPITAL CO-INVESTMENT,PRIVATE EQUITY,3329223,0,3329223
WESTBROOK REAL ESTATE FUND VIII,REAL ESTATE,3270246,1606207,1664039
BAIN CAPITAL CREDIT MANAGED ACCOUNT,PRIVATE CREDIT,2997933,2997933,0
ARSENAL CAPITAL PARTNERS CO-INVESTMENT 1,PRIVATE EQUITY,2946143,0,2946143
WESTBROOK REAL ESTATE FUND VII,REAL ESTATE,2908330,2617497,290833
HOF MANAGEMENT CO,PRIVATE CREDIT,2815768,2248702,567066
FURTHER GLOBAL CAPITAL MANAGEMENT CO-INVESTMENT 1,PRIVATE EQUITY,2814085,0,2814085
ZEI ES CO INVEST,ABSOLUTE RETURN,2653805,0,2653805
ENGINE FUND III,PRIVATE EQUITY,2514462,1257231,1257231
CLEARLAKE CO-INVESTMENT 1,PRIVATE EQUITY,2473402,0,2473402
THE HOUSE FUND,PRIVATE EQUITY,2330403,0,2330403
BLACKSTONE REAL ESTATE PARTNERS ASIA II 4,REAL ESTATE,2313207,0,2313207
BROOKFIELD ASSET MANAGEMENT CO-INVESTMENT 2,REAL ESTATE,2295336,0,2295336
ENERGY & MINERALS GROUP CO-INVESTMENT,REAL ASSETS,1695792,0,1695792
GGV IV,PRIVATE EQUITY,1626799,1626799,0
H.I.G. BAYSIDE II,PRIVATE EQUITY,1523930,1523930,0
TSG CONSUMER PARTNERS CO-INVESTMENT 5,PRIVATE EQUITY,1452918,0,1452918
COLLIDE CAPITAL II,PRIVATE EQUITY,1396606,0,1396606
PONTIFAX AGTECH,REAL ASSETS,1386265,0,1386265
WALTON STREET REAL ESTATE FUND V,REAL ESTATE,1343601,1343601,0
H.I.G. MIDDLE MARKET LBO FUND III 3,PRIVATE EQUITY,1281791,0,1281791
CD CAPITAL FUND II,REAL ASSETS,1156996,0,1156996
ROCKPOINT REAL ESTATE FUND III,REAL ESTATE,1031811,928630,103181
APOLLO INVESTMENT FUND VI,PRIVATE EQUITY,852435,852435,0
ROCKPOINT REAL ESTATE FUND IV,REAL ESTATE,769957,615966,153991
SANKATY CREDIT OPPORTUNITIES IV,PRIVATE CREDIT,759758,759758,0
APOLLO EUROPEAN PRINCIPAL FINANCE FUND II,PRIVATE CREDIT,647290,647290,0
"CONGRUENT VENTURES III, LP",PRIVATE EQUITY,625547,625547,0
RREEF GLOBAL OPP FD II,REAL ESTATE,581291,581291,0
METROPOLITAN WORKFORCE HOUSING FUND,REAL ESTATE,577860,520074,57786
ENCAP FLATROCK MIDSTREAM CO-INVESTMENT,REAL ASSETS,426784,362766,64018
H.I.G. CAPITAL PARTNERS IV,PRIVATE EQUITY,385691,385691,0
FOUNDATION ENERGY FUND IV,REAL ASSETS,292204,248373,43831
HOMEWARD OPP FUND I LP,PRIVATE CREDIT,269324,269324,0
CONGRUENT VENTURES III,PRIVATE EQUITY,268091,0,268091
ORBIMED ROYALTIES FUND I,REAL ASSETS,257909,219223,38686
UC VENTURES CO-INVESTMENT 9,PRIVATE EQUITY,199981,0,199981
LIME ROCK PARTNERS VI,PRIVATE EQUITY,156644,156644,0
"BLACKSTONE CAPITAL PARTNERS V, L.P.",PRIVATE EQUITY,143674,143674,0
APOLLO INFRA EQUITY 2,REAL ASSETS,95480,0,95480
ORION RESOURCES FUND I 9,REAL ASSETS,82222,0,82222
PINE BROOK PARTNERS CO-INVESTMENT 3,REAL ASSETS,78214,0,78214
EQT INFRASTRUCTURE II 2,REAL ASSETS,59079,0,59079
APOLLO MANAGEMENT CO-INVESTMENT 1,PRIVATE EQUITY,55672,0,55672
ENCAP FLATROCK MIDSTREAM FUND II 3,REAL ASSETS,53752,0,53752
BLACKSTONE FUND V,REAL ESTATE,51624,0,51624
FOUNTAINVEST CHINA GROWTH CAPITAL FUND,PRIVATE EQUITY,40610,40610,0
SG GROWTH PARTNERS I 1,PRIVATE EQUITY,37079,0,37079
BLACKSTONE CAPITAL PARTNERS IV,PRIVATE EQUITY,36002,36002,0
BAIN CAPITAL CREDIT MANAGED ACCOUNT 5,PRIVATE CREDIT,29047,0,29047
ORION RESOURCE PARTNERS III - CO-INVEST FUND 9,REAL ASSETS,26118,0,26118
HOMEWARD OPPORTUNITIES FUND I 6,PRIVATE CREDIT,19790,0,19790
WATER STREET HEALTHCARE PARTNERS 1,PRIVATE EQUITY,15725,0,15725
BLACKSTONE REAL ESTATE PARTNERS VI,REAL ESTATE,3121,0,3121
BLACKSTONE GROUP CO-INVESTMENT 8,PRIVATE EQUITY,1053,0,1053
