Name,Investment_Type,Amount
MSCI ACWI IMI TF EX-TOB AND FF,PUBLIC EQUITY,58248850263
SSGA S&P 500 EX-TOB UCRP,PUBLIC EQUITY,5031801465
ARROWSTREET GLOBAL 130-30,PUBLIC EQUITY,2347501001
FIDELITY GROWTH,PUBLIC EQUITY,1502108103
ADAGE CAPITAL,PUBLIC EQUITY,1170728450
IIFL HIGH GROWTH UCRP,PUBLIC EQUITY,411639627
UCRP DIRECT PUBLIC EQUITY,PUBLIC EQUITY,270273718
KOTAK INDIA GROWTH,PUBLIC EQUITY,267154902
IMPACTIVE CAPITAL UCRP,PUBLIC EQUITY,178844975
EARNEST PARTNERS SMALL CAP VALUE,PUBLIC EQUITY,144078892
ARIEL US SMALL CAP,PUBLIC EQUITY,139773056
NASDAQ ETF UCRP,PUBLIC EQUITY,28413087
WARD FERRY RECON,PUBLIC EQUITY,24540130
GAOLING FUND (EQ),PUBLIC EQUITY,24319951
INCENTIVE ACTIVE VALUE,PUBLIC EQUITY,15952783
TARPON INVESTMENTS,PUBLIC EQUITY,7662582
HEALTHCARE INVESTMENT FUND II,PUBLIC EQUITY,6809540
CORE GOVERNMENT,FIXED INCOME,4618795604
CORE CREDIT,FIXED INCOME,2020354727
NOMURA HIGH YIELD TOTAL RETURN,FIXED INCOME,1840276597
BLACKROCK SIO,FIXED INCOME,1596282696
EATON VANCE HIGH YIELD,FIXED INCOME,978509948
APOLLO SVF2,FIXED INCOME,254122591
RANGELEY LAKE PARTNERS,FIXED INCOME,191067017
BLACKSTONE RESOLUTION LIFE,FIXED INCOME,161755150
MORAINE FUND,ABSOLUTE RETURN,403343766
EXUMA CAPITAL,ABSOLUTE RETURN,61585051
WANAKA FUND,ABSOLUTE RETURN,53490373
FALCON CI II,ABSOLUTE RETURN,13259589
BIWA FUND LIMITED,ABSOLUTE RETURN,9872730
BFAM ASIA OPPORTUNITY FUND,ABSOLUTE RETURN,5890662
PEYTO,ABSOLUTE RETURN,5315876
"ZEI ES CO INVEST C, L.P.",ABSOLUTE RETURN,4209641
HAZELTON FUND LIMITED,PRIVATE CREDIT,514588921
OWL ROCK TECH FINANCE,PRIVATE CREDIT,450620380
HOMEWARD OPPORTUNITIES FUND,PRIVATE CREDIT,337616309
ACM ALAMOSA I,PRIVATE CREDIT,280088438
ALBACORE PARTNERS I,PRIVATE CREDIT,279604611
H.I.G. BAYSIDE V,PRIVATE CREDIT,114985289
BLUE OWL,PRIVATE CREDIT,90804014
"OWL ROCK FIRST LIEN FUND, L.P",PRIVATE CREDIT,84780059
LAFAYETTE SQUARE,PRIVATE CREDIT,60803610
ACM ALAMOSA I A,PRIVATE CREDIT,57453431
ORTH II,PRIVATE CREDIT,35717315
PREGIS TOPCO LLC,PRIVATE CREDIT,34860000
BREGAL SAGEMOUNT COF II,PRIVATE CREDIT,30611890
FAIRFAX ALLIED WORLD ASSURANCE,PRIVATE CREDIT,29855554
AMERRA CAPITAL,PRIVATE CREDIT,28436459
RED KITE FUND I,PRIVATE CREDIT,17144660
H.I.G BAYSIDE LOAN OPP FEEDER V,PRIVATE CREDIT,16411373
BAIN CAPITAL CREDIT MANAGED ACCOUNT,PRIVATE CREDIT,2997933
HOF MANAGEMENT CO,PRIVATE CREDIT,2248702
SANKATY CREDIT OPPORTUNITIES IV,PRIVATE CREDIT,759758
APOLLO EUROPEAN PRINCIPAL FINANCE FUND II,PRIVATE CREDIT,647290
HOMEWARD OPP FUND I LP,PRIVATE CREDIT,269324
R3000 PE PASSIVE,PRIVATE EQUITY,3321649924
1868 UNIVERITAS FUND,PRIVATE EQUITY,462927460
BLACKSTONE STRATEGIC PARTNERS IX,PRIVATE EQUITY,299145402
SEQUOIA CAPITAL GLOBAL GROWTH III,PRIVATE EQUITY,293071464
THOMA BRAVO CO-INVESTMENT,PRIVATE EQUITY,283057197
THOMA BRAVO XV,PRIVATE EQUITY,274944896
THOMA BRAVO CO-INVESTMENT,PRIVATE EQUITY,265039981
EQT IX,PRIVATE EQUITY,256906912
BLACKSTONE STRATEGIC CAPITAL,PRIVATE EQUITY,245443257
THOMA BRAVO FUND XIII,PRIVATE EQUITY,237683096
BPEA VIII,PRIVATE EQUITY,221431377
"K5 PRIVATE INVESTORS, L.P.",PRIVATE EQUITY,214188581
THOMA BRAVO XIV,PRIVATE EQUITY,207845107
BLACKSTONE CAPITAL PARTNERS ASIA I,PRIVATE EQUITY,201710286
SEQUOIA CAPITAL FUND,PRIVATE EQUITY,189778158
BLACKSTONE GROUP CO-INVESTMENT,PRIVATE EQUITY,187947406
BLACKSTONE CAPITAL PARTNERS VIII,PRIVATE EQUITY,174176835
FURTHER GLOBAL CAPITAL I,PRIVATE EQUITY,165834675
SYCAMORE PARTNERS III,PRIVATE EQUITY,164633890
GI PARTNERS VI,PRIVATE EQUITY,151632439
EQT VIII,PRIVATE EQUITY,141061902
OLYMPUS GROWTH FUND VII,PRIVATE EQUITY,139945029
BLACKSTONE CAPITAL PARTNERS ASIA II,PRIVATE EQUITY,137011089
FURTHER GLOBAL CAPITAL II,PRIVATE EQUITY,131139149
APOLLO FUND IX,PRIVATE EQUITY,126439468
TSG CONSUMER PARTNERS CO-INVESTMENT,PRIVATE EQUITY,120056808
TPG CAPITAL VIII,PRIVATE EQUITY,117994472
THOMA BRAVO CO-INVESTMENT,PRIVATE EQUITY,117977634
BLACKROCK GROUP CO-INVESTMENT,PRIVATE EQUITY,116653807
THOMA BRAVO CO-INVESTMENT,PRIVATE EQUITY,114349572
CLEARLAKE CAPITAL PARTNERS VII,PRIVATE EQUITY,112074235
RNT ASSOCIATES,PRIVATE EQUITY,111743858
BLACKSTONE STRATEGIC PARTNERS VIII,PRIVATE EQUITY,109843516
BREGAL SAGEMOUNT EQUITY III,PRIVATE EQUITY,105047741
THOMA BRAVO GROWTH I,PRIVATE EQUITY,102154863
ARSENAL CAPITAL PARTNERS V LP,PRIVATE EQUITY,93777757
H.I.G. EUROPE MIDDLE MARKET LBO FUND,PRIVATE EQUITY,89044539
UC VENTURES CO-INVESTMENT,PRIVATE EQUITY,88995443
BOW VENTURES FUND I,PRIVATE EQUITY,85833046
THOMA BRAVO DISCOVER III,PRIVATE EQUITY,85814816
BPEA VII,PRIVATE EQUITY,85305635
THOMA BRAVO DISCOVER IV,PRIVATE EQUITY,81361827
BLACKSTONE GROUP CO-INVESTMENT,PRIVATE EQUITY,80537554
ROUNDTABLE HEALTHCARE PARTNERS CO-INVESTMENT,PRIVATE EQUITY,80369425
KHOSLA VENTURES V,PRIVATE EQUITY,80101121
TSG 9,PRIVATE EQUITY,78086548
APOLLO MANAGEMENT CO-INVESTMENT,PRIVATE EQUITY,75000000
BLACKSTONE GROUP CO-INVESTMENT,PRIVATE EQUITY,74751359
H.I.G. MIDDLE MARKET LBO FUND III,PRIVATE EQUITY,72990845
GGV CAPITAL V,PRIVATE EQUITY,72283189
ARSENAL CAPITAL PARTNERS VI,PRIVATE EQUITY,71275984
BOW VENTURES FUND I,PRIVATE EQUITY,70660342
EQT PARTNERS CO-INVESTMENT,PRIVATE EQUITY,70230353
BLACKSTONE GROUP CO-INVESTMENT,PRIVATE EQUITY,66734535
SEQUOIA CAPITAL GGF III CHINA ANNEX,PRIVATE EQUITY,65175215
EQT PARTNERS CO-INVESTMENT,PRIVATE EQUITY,63292407
FURTHER GLOBAL CAPITAL MANAGEMENT CO-INVESTMENT,PRIVATE EQUITY,62146326
TPG CAPITAL CO-INVESTMENT,PRIVATE EQUITY,60172004
THE RISE FUND LP,PRIVATE EQUITY,59584557
SEQUOIA CAPITAL GGF III US INDIA ANNEX,PRIVATE EQUITY,58800343
TPG GROWTH IV,PRIVATE EQUITY,58702423
CLEARLAKE CO-INVESTMENT,PRIVATE EQUITY,58677893
EQT X,PRIVATE EQUITY,58414775
THOMA BRAVO CO-INVESTMENT,PRIVATE EQUITY,56258293
APOLLO FUND X,PRIVATE EQUITY,53797145
KHOSLA VENTURES IV,PRIVATE EQUITY,52776288
TPG CAPITAL VIII (HEALTHCARE I),PRIVATE EQUITY,52608315
GGV CAPITAL VIII,PRIVATE EQUITY,52004601
ARSENAL CAPITAL PARTNERS CO-INVESTMENT,PRIVATE EQUITY,51880261
UC VENTURES CO-INVESTMENT,PRIVATE EQUITY,47688270
RNT CAPITAL CO-INVESTMENT,PRIVATE EQUITY,45872921
TSG8 L.P.,PRIVATE EQUITY,44765782
GGV VII,PRIVATE EQUITY,44761117
ARSENAL CAPITAL PARTNERS IV,PRIVATE EQUITY,40451579
BREGAL SAGEMOUNT IV,PRIVATE EQUITY,40066421
BLACKSTONE GROUP CO-INVESTMENT,PRIVATE EQUITY,34652189
THOMA BRAVO CO-INVESTMENT,PRIVATE EQUITY,33296452
LONETREE CAPITAL CO-INVESTMENT,PRIVATE EQUITY,32250000
CLEARLAKE CO-INVESTMENT,PRIVATE EQUITY,31697688
EQT PARTNERS CO-INVESTMENT,PRIVATE EQUITY,31428861
WARBURG PINCUS PRIVATE EQUITY XII,PRIVATE EQUITY,31028034
SYCAMORE PARTNERS MANAGEMENT CO-INVESTMENT,PRIVATE EQUITY,30603983
BOW VENTURES FUND II,PRIVATE EQUITY,30561656
MSA ACCELERATION FUND,PRIVATE EQUITY,30495898
ICONIQ STRATEGIC PARTNERS VII,PRIVATE EQUITY,30293806
ARSENAL CAPITAL PARTNERS CO-INVESTMENT,PRIVATE EQUITY,30207667
FURTHER GLOBAL CAPITAL MANAGEMENT CO-INVESTMENT,PRIVATE EQUITY,29899531
THOMA BRAVO FUND XIII,PRIVATE EQUITY,29752195
CLEARLAKE CO-INVESTMENT,PRIVATE EQUITY,29104604
"ICON PARTNERS IV, L.P.",PRIVATE EQUITY,28185034
K1 INVESTMENT MANAGEMENT CO-INVESTMENT,PRIVATE EQUITY,25171861
BLACKSTONE GROUP CO-INVESTMENT,PRIVATE EQUITY,23008329
SEQUOIA CAPITAL CHINA GROWTH VII,PRIVATE EQUITY,22696890
GGV DISCOVERY II,PRIVATE EQUITY,21947357
DCP I,PRIVATE EQUITY,21026063
BLACKSTONE GROUP CO-INVESTMENT,PRIVATE EQUITY,20593669
GGV DISCOVERY III,PRIVATE EQUITY,19587348
HONGSHAN CHINA EXPANSION I,PRIVATE EQUITY,17845635
"KHOSLA VENTURES SEED, LP",PRIVATE EQUITY,16622475
JLL PARTNERS CO-INVESTMENT,PRIVATE EQUITY,15497393
SYCAMORE PARTNERS MANAGEMENT CO-INVESTMENT,PRIVATE EQUITY,15282770
COLUMN GROUP CO-INVESTMENT,PRIVATE EQUITY,14999997
ROUNDTABLE HEALTHCARE CAPITAL PARTNERSHIP III,PRIVATE EQUITY,14974541
ICONIQ CAPITAL CO-INVESTMENT,PRIVATE EQUITY,14763871
MSA ENTERPRISES,PRIVATE EQUITY,13892094
WARBURG PINCUS PRIVATE EQUITY XI,PRIVATE EQUITY,13206922
GGV VII PLUS,PRIVATE EQUITY,12016607
GGV VIII PLUS,PRIVATE EQUITY,11942373
BLACKSTONE GROUP CO-INVESTMENT,PRIVATE EQUITY,11428890
THE ENGINE FUND II,PRIVATE EQUITY,11047299
SEQUOIA CAPITAL INDIA GROWTH IV,PRIVATE EQUITY,10659238
THE HOUSE FUND III,PRIVATE EQUITY,10009785
UC VENTURES CO-INVESTMENT,PRIVATE EQUITY,9999957
APOLLO INVESTMENT FUND VIII,PRIVATE EQUITY,9794153
ARSENAL CAPITAL PARTNERS GROWTH,PRIVATE EQUITY,9681840
DCP CAPITAL PARTNERS CO-INVESTMENT,PRIVATE EQUITY,8680000
SEQUOIA CAPITAL CHINA VENTURE IX,PRIVATE EQUITY,7518224
HIG MIDDLE MARKET LBO FD II,PRIVATE EQUITY,7112985
ENGINE ACCELERATOR CO-INVESTMENT,PRIVATE EQUITY,6998720
COLUMN GROUP CO-INVESTMENT,PRIVATE EQUITY,6991946
ICONIQ STRATEGIC PARTNERS IV L.P.,PRIVATE EQUITY,6987438
SEQUOIA CAPITAL INDIA VENTURE VIII,PRIVATE EQUITY,6894363
KHOSLA VENTURES SEED B L.P.,PRIVATE EQUITY,6769579
BLACKSTONE CAPITAL PARTNERS IX,PRIVATE EQUITY,6746592
BOW VENTURES CO-INVESTMENT,PRIVATE EQUITY,6658445
H.I.G. EUROPE CAPITAL PARTNERS II,PRIVATE EQUITY,6141619
SEQUOIA CAPITALCHINA SEED III,PRIVATE EQUITY,5297291
THE HOUSE FUND OPPORTUNITY III,PRIVATE EQUITY,5258399
VIDA VENTURES II,PRIVATE EQUITY,5125900
BREGAL SAGEMOUNT CO-INVESTMENT,PRIVATE EQUITY,4405122
SEQUOIA SEA I,PRIVATE EQUITY,3616713
UC VENTURES CO-INVESTMENT,PRIVATE EQUITY,3500000
H.I.G. CAPITAL PARTNERS V,PRIVATE EQUITY,3448926
CLEARLAKE CO-INVESTMENT,PRIVATE EQUITY,3123090
BLACKSTONE GROUP CO-INVESTMENT,PRIVATE EQUITY,2683161
GGV IV,PRIVATE EQUITY,1626799
H.I.G. BAYSIDE II,PRIVATE EQUITY,1523930
ENGINE FUND III,PRIVATE EQUITY,1257231
APOLLO INVESTMENT FUND VI,PRIVATE EQUITY,852435
"CONGRUENT VENTURES III, LP",PRIVATE EQUITY,625547
H.I.G. CAPITAL PARTNERS IV,PRIVATE EQUITY,385691
APOLLO MANAGEMENT CO-INVESTMENT,PRIVATE EQUITY,363235
LIME ROCK PARTNERS VI,PRIVATE EQUITY,156644
"BLACKSTONE CAPITAL PARTNERS V, L.P.",PRIVATE EQUITY,143674
BLACKSTONE GROUP CO-INVESTMENT,PRIVATE EQUITY,81053
FOUNTAINVEST CHINA GROWTH CAPITAL FUND,PRIVATE EQUITY,40610
BLACKSTONE CAPITAL PARTNERS IV,PRIVATE EQUITY,36002
GOLDMAN SACHS RENEWABLE ENERGY,REAL ASSETS,429989987
APOLLO MANAGEMENT CO-INVESTMENT,REAL ASSETS,229279225
EQT INFRASTRUCTURE V (NO.2) USD SCSP,REAL ASSETS,223777224
JOHN HANCOCK-MANULIFE CO-INVESTMENT,REAL ASSETS,196505102
MANULIFE INFRASTRUCTURE FUND II,REAL ASSETS,191439785
BLACKSTONE ISG INVESTMENT PARTNERS,REAL ASSETS,133538545
STONEPEAK INFRA FD III LP,REAL ASSETS,113684181
APOLLO DEDICATED INVEST POOL,REAL ASSETS,112489989
EQT INFRA IV NO.2 USD SCSP,REAL ASSETS,109646741
ORION MINE FINANCE FUND II,REAL ASSETS,109542210
CIM INFRASTRUCTURE II,REAL ASSETS,107972840
APOLLO FINANCIAL CREDIT INVESTMENT III,REAL ASSETS,102290747
DIGITAL COLONY CO-INVESTMENT,REAL ASSETS,98430471
STONEPEAK INFRASTRUCTURE PARTNERS,REAL ASSETS,93105894
STONEPEAK INFRASTRUCTURE PARTNERS,REAL ASSETS,87507407
MOLPUS - SEVEN STATES TIMBERLAND,REAL ASSETS,71277229
ORION RESOURCE PARTNERS CO-INVESTMENT,REAL ASSETS,56982632
ORION RESOURCES FUND III,REAL ASSETS,56389074
PINE BROOK CAPITAL PARTNERS II,REAL ASSETS,46660926
PARTNERS GROUP CO-INVESTMENT,REAL ASSETS,45277441
EMG II,REAL ASSETS,39727376
"ENCAP FLATROCK MIDSTREAM FUND IV, L.P.",REAL ASSETS,39346223
RENEWABLE RESOURCES GROUP CO-INVESTMENT,REAL ASSETS,38002506
CONGRUENT VENTURES,REAL ASSETS,37917872
ORION MINERAL ROYALTIES FUND,REAL ASSETS,26369031
PONTIFAX AGTECH II,REAL ASSETS,19834448
ENCAP FLATROCK MIDSTREAM FUND III,REAL ASSETS,16369697
"CONGRUENT VENTURES II, LP",REAL ASSETS,13867650
PINE BROOK PARTNERS CO-INVESTMENT,REAL ASSETS,13088218
ORION RESOURCES FUND I - A,REAL ASSETS,12875857
ENCAP FLATROCK MIDSTREAM CO-INVESTMENT,REAL ASSETS,362766
FOUNDATION ENERGY FUND IV,REAL ASSETS,248373
ORBIMED ROYALTIES FUND I,REAL ASSETS,219223
BREIT,REAL ESTATE,3523218069
BLACKSTONE GROUP CO-INVESTMENT,REAL ESTATE,922974028
"BLACKSTONE PROPERTY PARTNERS US, LP",REAL ESTATE,294445626
BROOKFIELD STRATEGIC REAL ESTATE PARTNERS III,REAL ESTATE,235217866
UC VENTURES SEPARATE ACCOUNT,REAL ESTATE,201879000
UC VENTURES SEPARATE ACCOUNT,REAL ESTATE,126876000
UC VENTURES SEPARATE ACCOUNT,REAL ESTATE,124958000
AIMBRIDGE SEPARATE ACCOUNT,REAL ESTATE,124296576
"BLACKSTONE BIOMED LIFE SCIENCE REAL ESTATE, LP",REAL ESTATE,121669236
UC VENTURES SEPARATE ACCOUNT,REAL ESTATE,116116000
"BLACKSTONE REAL ESTATE PARTNERS IX, LP",REAL ESTATE,113673653
PRISA SA,REAL ESTATE,104427232
PRISA II,REAL ESTATE,100854658
BLACKSTONE PROPERTY PARTNERS EUROPE,REAL ESTATE,91502010
BLACKSTONE REAL ESTATE PARTNERS X LP,REAL ESTATE,82851670
LION PROPERTIES FUND,REAL ESTATE,80266031
BLACKSTONE REAL ESTATE PARTNERS ASIA II,REAL ESTATE,76163773
"KSL CAPITAL PARTNERS V, L.P.",REAL ESTATE,71607584
BREAKTHROUGH PROPERTIES SEPARATE ACCOUNT,REAL ESTATE,56402426
LION INDUSTRIAL TRUST,REAL ESTATE,54254961
IPI DATA CENTER FUND I,REAL ESTATE,52961187
BROOKFIELD FAIRFIELD VAMF III,REAL ESTATE,52127043
A&E REAL ESTATE PARTNERSHIP II,REAL ESTATE,48112750
HEITMAN HART,REAL ESTATE,46331900
SAGEHALL PARTNERS FUND I LP,REAL ESTATE,44168278
SAGEHALL PARTNERS SEPARATE ACCOUNT,REAL ESTATE,43978383
FOCUS SENIOR HOUSING FUND I,REAL ESTATE,39023890
UC VENTURES SEPARATE ACCOUNT,REAL ESTATE,37093000
KKR CO-INVESTMENT,REAL ESTATE,33373363
A&E NYC WORKFORCE HOUSING,REAL ESTATE,23057153
CIM FUND VIII,REAL ESTATE,22368775
BROOKFIELD ASSET MANAGEMENT CO-INVESTMENT,REAL ESTATE,22295336
KKR REAL ESTATE PARTNERS II,REAL ESTATE,16732619
CERBERUS REAL ESTATE III,REAL ESTATE,15818094
WALTON STREET REAL ESTATE FUND VI,REAL ESTATE,15705003
KSL CAPITAL PARTNERS III,REAL ESTATE,5109286
CIM REAL ESTATE FUND III,REAL ESTATE,5088475
WESTBROOK REAL ESTATE FUND IX,REAL ESTATE,4101874
BLACKSTONE REAL ESTATE PARTNERS VII,REAL ESTATE,4100207
WESTBROOK REAL ESTATE FUND VII,REAL ESTATE,2617497
WESTBROOK REAL ESTATE FUND VIII,REAL ESTATE,1606207
WALTON STREET REAL ESTATE FUND V,REAL ESTATE,1343601
ROCKPOINT REAL ESTATE FUND III,REAL ESTATE,928630
ROCKPOINT REAL ESTATE FUND IV,REAL ESTATE,615966
RREEF GLOBAL OPP FD II,REAL ESTATE,581291
METROPOLITAN WORKFORCE HOUSING FUND,REAL ESTATE,520074
